ID;COD; NUM_LAB; ESTACAO;Ag;Al;As;Au;B;Ba;Be;Bi;Ca;Cd;Ce;Co;Cr;Cs;Cu;Fe;Ga;Ge;Hf;Hg;In;K;La;Li;Lu;Mg;Mn;Mo;Na;Nb;Ni;P;Pb;Rb;Re;S;Sb;Sc;Se;Sn;Sr;Ta;Tb;Te;Th;Ti;Tl;U;V;W;Y;Yb;Zn;Zr
1;SMP;IBV199;MB-0002;0,005;1,15;0,5;0,05;5;81;0,4;0,17;0,05;0,02;51,25;6;60;0,37;19,6;2,84;4,7;0,1;1,41;0,04;0,01;0,05;36,8;3;0,22;0,07;1446;1,12;0,01;18,23;14,6;146;12,3;6,2;0,05;0,005;0,025;3,4;0,5;1,7;7,3;0,05;0,39;0,025;24,3;1,36;0,06;3,93;36;0,4;10,87;1,5;79;32,9
2;SMP;IBV200;MB-0012;0,03;3,36;1;0,05;5;265;1,5;0,18;0,9;0,05;214,01;27,4;148;1,84;30,5;7,43;15,6;0,4;0,44;0,05;0,07;0,68;93,3;8;0,48;0,67;708;1,28;0,01;3,35;45,9;3887;19,5;53;0,05;0,005;0,05;13,5;0,5;1,5;35,2;0,05;1,43;0,025;18,1;0,38;0,27;1,06;136;0,4;35,4;3,3;103;8,1
3;SMP;IBV201;MB-0013;0,005;0,95;0,5;0,05;5;88;0,3;0,08;0,08;0,03;110,82;6,8;44;0,32;14,9;1,99;4,3;0,2;0,28;0,04;0,01;0,07;72,9;3;0,08;0,09;944;1,63;0,005;8,89;14,6;250;11,5;4,4;0,05;0,005;0,07;3,3;0,5;0,8;18,5;0,025;0,73;0,025;21,8;0,86;0,05;0,95;24;0,2;9,23;0,6;55;8,2
4;SMP;IBV202;MB-0017;0,005;0,78;0,5;0,05;5;70;0,4;0,06;0,09;0,05;126,27;6,8;46;0,31;14,4;1,98;3,8;0,2;0,26;0,03;0,01;0,07;82,3;3;0,08;0,09;954;1,03;0,02;6,36;13,7;268;8,9;4,1;0,05;0,005;0,06;3,3;0,5;0,5;14,7;0,06;0,86;0,025;24;0,9;0,04;1,33;25;0,1;10,57;0,6;56;7,5
5;SMP;IBV203;MB-0019;0,005;0,87;0,5;0,05;5;88;0,3;0,08;0,1;0,04;302,73;6,8;52;0,17;30;3,73;5,8;0,4;1,27;0,03;0,03;0,1;192,3;2;0,2;0,1;1866;2,49;0,02;11,08;15,4;333;19,7;5,3;0,05;0,005;0,1;4,7;0,5;1,6;19,3;0,06;2,03;0,025;58,7;2;0,03;2,06;49;0,1;25,69;1,8;100;51,9
6;SMP;IBV204;MB-0029;0,005;1,68;0,5;0,05;5;167;0,6;0,06;0,88;0,02;117,21;18;166;0,6;19;9,05;10,4;0,4;0,33;0,04;0,03;0,24;66,6;4;0,42;0,42;1072;1,26;0,04;5;29,7;2485;11,9;23,9;0,05;0,005;0,025;7,8;0,5;1,4;44,2;0,05;1,46;0,025;15,7;0,57;0,14;1,26;230;0,3;36,97;3,2;77;10,8
7;SMP;IBV205;MB-0032;0,005;2,1;1;0,05;5;211;0,8;0,1;0,34;0,05;107,36;16,3;61;1;16,7;3,86;8,7;0,3;0,2;0,06;0,03;0,3;70,4;6;0,26;0,36;1267;1,13;0,02;4,86;23,9;871;10,4;26,8;0,05;0,005;0,025;7,2;0,5;1,3;43,6;0,08;1;0,025;17,6;0,43;0,14;1,23;59;0,2;21,44;1,9;73;6,3
8;SMP;IBV207;MB-0035;0,005;0,42;0,5;0,05;5;32;0,1;0,09;0,07;0,02;223,05;3,2;37;0,21;16,7;1,89;3,9;0,3;0,98;0,04;0,01;0,06;144;1;0,15;0,03;923;3,05;0,02;9,81;12,8;235;14,1;3,3;0,05;0,01;0,08;1,9;0,5;1,2;14,4;0,025;1,43;0,025;45,1;0,94;0,03;1,21;28;0,2;15,1;1;42;29,1
9;SMP;IBV208;MB-0041;0,005;1,54;0,5;0,05;5;97;0,5;0,07;0,39;0,02;48,97;13,9;79;0,73;18,6;2,6;6,4;0,1;0,14;0,04;0,01;0,22;28,1;8;0,11;0,51;583;1,08;0,06;3,38;32,8;493;6,5;17,5;0,05;0,04;0,025;4,8;0,5;0,9;37,5;0,06;0,44;0,025;8,8;0,18;0,1;1,1;47;0,2;9,19;0,8;47;5,2
10;SMP;IBV209;MB-0060;0,005;2,15;0,5;0,05;5;155;1,1;0,15;0,81;0,07;113,93;15;57;1,84;17,8;3,3;8,7;0,2;0,18;0,05;0,02;0,36;66,3;13;0,19;1,18;990;1,38;0,02;3,09;27,8;458;10,3;34,9;0,05;0,03;0,07;6,2;0,5;1,1;29,9;0,08;1,03;0,025;20;0,24;0,2;2,05;48;0,2;18,9;1,4;69;5,6
11;SMP;IBV210;MB-0061;0,02;1,17;0,5;0,05;5;66;0,6;0,1;0,42;0,05;360,35;13,9;189;0,74;20;14,08;13,9;0,7;3,42;0,005;0,03;0,16;219,4;4;0,71;0,25;1620;9,71;0,01;9,37;22,2;862;43;18,9;0,05;0,02;0,1;5,3;0,5;3,1;20,4;0,05;2,72;0,025;103,7;1,22;0,17;8;267;0,6;44,12;5;82;77,1
12;SMP;IBV211;MB-0064;0,005;2;0,5;0,05;5;108;0,8;0,11;0,24;0,04;242,05;11,5;43;2,5;18;3,1;9,7;0,4;0,3;0,02;0,03;0,44;140,3;19;0,18;0,49;536;1,78;0,05;2,87;22,8;455;9,1;44,7;0,05;0,06;0,025;6,9;0,5;1,2;14,4;0,07;2,06;0,025;48;0,15;0,21;4,95;46;0,2;25,38;1,3;69;11,1
13;SMP;IBV212;MB-0091;0,01;1,77;4;0,05;5;113;1,1;0,27;0,15;0,05;43,19;14,5;36;3,17;29,1;3,16;6,7;0,05;0,2;0,04;0,01;0,36;25,1;26;0,15;0,45;740;0,66;0,03;1,46;26,7;456;12,9;31,2;0,05;0,03;0,09;4,5;0,5;0,7;16,1;0,1;0,52;0,025;10,4;0,12;0,18;1,02;40;0,1;11,31;1,2;75;6,2
14;SMP;IBV214;MB-0092;0,005;1,48;2;0,05;5;108;0,7;0,12;0,17;0,03;35,6;13,3;32;2,1;17,6;2,42;5,2;0,05;0,13;0,04;0,01;0,29;20;16;0,12;0,34;705;0,86;0,02;2,29;21,7;363;9,3;24,5;0,05;0,02;0,11;3,6;0,5;0,6;23,3;0,08;0,4;0,025;5,8;0,15;0,13;0,72;32;0,1;9,66;0,9;55;5
15;SMP;IBV215;MB-0116;0,005;1,56;1;0,05;5;98;1;0,16;0,11;0,03;134,9;11;37;2,63;19,6;2,74;7;0,2;0,14;0,03;0,01;0,32;79,1;19;0,11;0,31;595;1,35;0,04;2,74;20,4;410;12,2;31,4;0,05;0,005;0,09;4;0,5;0,9;10,1;0,06;1,16;0,025;27,4;0,12;0,16;3,14;30;0,2;15,09;0,9;61;4,6
16;SMP;IBV216;MB-0117;0,02;1,65;2;0,05;5;85;0,9;0,22;0,14;0,08;101,64;7,4;37;2,98;16,7;2,52;7,3;0,2;0,13;0,09;0,02;0,26;56,2;17;0,1;0,26;415;1,15;0,03;3,03;15,6;307;12,7;28,9;0,05;0,005;0,08;4,2;0,5;1;8,7;0,07;0,84;0,025;18,4;0,08;0,19;2,18;35;0,2;11,66;0,8;59;5
17;SMP;IBV217;MB-0120;0,005;1,55;1;0,05;5;98;0,8;0,13;0,17;0,04;65,1;9,3;31;1,57;15,5;2,23;7;0,1;0,11;0,03;0,01;0,15;38,2;15;0,09;0,34;416;1,11;0,03;2,01;17,6;378;11,1;17,3;0,05;0,01;0,09;3,7;0,5;0,9;20,1;0,06;0,51;0,025;13,8;0,1;0,11;1,57;33;0,2;8,7;0,7;61;3,9
18;SMP;IBV218;MB-0122;0,005;1,8;0,5;0,05;5;102;1,1;0,16;0,07;0,06;141,67;9,7;36;3,21;18,2;2,57;7;0,2;0,12;0,02;0,01;0,34;78,6;23;0,11;0,29;529;1,33;0,03;2,78;20,5;352;10,9;32,4;0,05;0,005;0,09;4;0,5;0,8;7,3;0,1;1,23;0,025;29,1;0,1;0,17;3,84;28;0,7;15,25;0,9;73;3,9
19;SMP;IBV220;MB-0126;0,26;1,69;0,5;0,05;5;119;1,1;0,42;0,16;0,04;94,65;14,6;43;2,32;22,2;3,26;7,5;0,2;0,53;0,05;0,01;0,29;50,7;17;0,16;0,35;796;1,08;0,03;2,75;22,5;434;14,4;29;0,05;0,005;0,08;4,8;0,5;1;10,9;0,08;0,96;0,11;18,3;0,15;0,2;2,32;31;0,3;15,34;1,2;58;6
20;SMP;IBV221;MB-0249;0,03;1,76;0,5;0,05;5;179;0,7;0,11;0,2;0,05;56,92;19,9;61;0,52;15,3;3,91;7,4;0,1;0,27;0,04;0,02;0,15;36,1;4;0,14;0,28;1306;1,05;0,02;3,7;22,4;509;10,1;14;0,05;0,04;0,025;5,7;0,5;0,9;30,5;0,06;0,55;0,06;9,5;0,26;0,09;0,55;47;0,2;12,35;1;56;3,8
21;SMP;IBV222;MB-0250;0,005;1,35;1;0,05;5;102;0,8;0,26;0,12;0,07;49,14;13,7;33;1,67;20,2;2,5;5,6;0,05;0,21;0,05;0,01;0,21;19,9;13;0,09;0,26;860;0,98;0,005;1,88;17,4;224;19,3;20,9;0,05;0,005;0,13;3,7;0,5;0,8;11,4;0,025;0,37;0,025;6,9;0,1;0,16;0,78;33;0,2;8,26;0,7;63;5,5
22;SMP;IBV224;MB-0251;0,03;1,28;3;0,05;5;87;0,7;0,2;0,12;0,04;34,34;12,2;31;2,16;20,9;2,51;5,4;0,05;0,15;0,04;0,01;0,22;18,2;17;0,1;0,31;721;0,88;0,01;1,74;20,8;259;10,6;21,2;0,05;0,005;0,13;3,4;0,5;0,5;15;0,06;0,39;0,025;6,5;0,1;0,13;0,78;29;0,2;8,13;0,8;60;5
23;SMP;IBV225;MB-0257;0,01;1,4;1;0,05;5;97;0,8;0,25;0,08;0,03;64,76;8;29;1,34;17,2;2,87;6,3;0,05;0,12;0,06;0,01;0,27;33;11;0,08;0,2;981;1,41;0,01;1,83;15,6;310;13,2;23,5;0,05;0,005;0,14;4,4;0,5;1;8,9;0,07;0,5;0,025;13,6;0,06;0,15;1,69;29;0,2;7,32;0,6;46;2,9
24;SMP;IBV226;MB-0258;0,005;1,04;0,5;0,05;5;84;0,8;0,16;0,13;0,04;192,85;11;44;1,82;12,6;4,4;7,5;0,3;0,14;0,04;0,01;0,26;113,4;10;0,16;0,3;513;0,92;0,02;2,57;15,9;283;9,8;25,5;0,05;0,005;0,06;3,6;0,5;1,2;7,4;0,05;1,84;0,025;25,3;0,15;0,13;2,25;48;0,2;26,3;1,3;52;3,2
25;SMP;IBV227;MB-0260;0,005;1,34;0,5;0,05;5;160;0,3;0,06;0,24;0,04;71;7,5;53;0,41;10,9;2,97;5,4;0,1;0,14;0,04;0,01;0,2;48,7;3;0,08;0,26;734;1,64;0,03;7,1;15,8;311;12,1;13,5;0,05;0,005;0,07;3;0,5;0,6;30,6;0,05;0,4;0,025;11,1;0,42;0,06;0,47;42;0,4;7,58;0,6;48;3,8
26;SMP;IBV228;MB-0264;0,005;0,45;8;0,05;5;44;0,4;0,14;0,03;0,05;50,46;3,4;10;0,84;10,3;1,43;2,3;0,05;0,12;0,05;0,01;0,14;30,6;3;0,03;0,04;182;1,2;0,01;1,21;10,1;181;5,7;11,3;0,05;0,005;0,28;1,1;0,5;0,15;4,4;0,025;0,34;0,025;6;0,04;0,07;0,71;10;0,2;2,51;0,2;42;4,2
27;SMP;IBV229;MB-0265;0,02;1,39;21;0,05;5;78;0,6;0,11;0,23;0,09;38,08;24,6;36;1,33;104,3;5,52;7,1;0,05;0,12;0,02;0,03;0,17;21,1;9;0,08;0,33;1421;1,05;0,02;1,2;32,4;307;6,2;16;0,05;0,02;0,44;10,3;0,5;0,15;11,3;0,07;0,35;0,025;4,9;0,17;0,08;0,55;122;0,2;6,15;0,6;93;4,5
28;SMP;IBV230;MB-0266;0,03;0,56;13;0,05;5;66;0,5;0,17;0,05;0,16;60,77;5,7;11;0,79;13,9;1,93;2,7;0,05;0,12;0,04;0,01;0,19;35,5;4;0,04;0,03;335;1,48;0,01;0,78;14,7;266;10,4;12,2;0,05;0,01;0,4;1,5;0,5;0,15;6;0,07;0,38;0,025;6,3;0,005;0,09;0,86;10;0,6;3,28;0,3;83;4,1
29;SMP;IBV231;MB-0267;0,01;0,64;14;0,05;5;49;0,6;0,17;0,06;0,05;54,86;6,7;14;1,04;19,2;2,44;3,4;0,05;0,11;0,02;0,01;0,21;31,9;5;0,05;0,04;236;1,31;0,02;0,76;13;236;7,5;14,1;0,05;0,01;0,26;2,8;0,5;0,15;4,6;0,09;0,4;0,025;7,5;0,01;0,07;0,6;16;0,4;3,77;0,3;49;6
30;SMP;IBV232;MB-0268;0,005;0,8;10;0,05;5;43;0,5;0,18;0,05;0,04;41,78;6,5;17;1,34;13,5;2,36;3,9;0,05;0,11;0,05;0,01;0,12;24,7;4;0,04;0,04;274;1,4;0,02;2,09;13,1;163;6,2;12,1;0,05;0,02;0,22;2,6;0,5;0,15;5,4;0,06;0,31;0,025;5,4;0,08;0,09;0,61;33;0,2;3,31;0,3;42;4
31;SMP;IBV233;MB-0269;0,005;1,16;7;0,05;5;57;0,4;0,14;0,13;0,05;33,06;16,7;41;0,96;35,1;2,98;4,7;0,05;0,08;0,03;0,01;0,14;18,7;10;0,06;0,3;561;1,15;0,03;0,91;26,1;257;7,6;11,4;0,05;0,03;0,4;5,6;0,5;0,15;6,8;0,05;0,31;0,07;4,2;0,05;0,07;0,48;51;0,1;4,69;0,4;47;3,3
32;SMP;IBV234;MB-0270;0,005;0,76;10;0,05;5;60;0,3;0,19;0,06;0,04;36,86;10,6;22;0,8;24;3,02;4,1;0,05;0,08;0,06;0,01;0,12;21,7;5;0,05;0,08;962;1,13;0,01;0,71;14,8;257;7;9,7;0,05;0,02;0,55;3,6;0,5;0,3;3,6;0,06;0,27;0,06;4,6;0,02;0,07;0,42;29;0,2;3,76;0,3;38;4
33;SMP;IBV235;RB-0021;0,005;1,28;0,5;0,05;5;125;0,4;0,04;0,09;0,05;458,71;8,5;48;0,38;20,3;2,93;8,7;0,5;0,29;0,02;0,01;0,14;312,6;4;0,16;0,18;1103;1,9;0,03;8,34;17,9;511;22,7;7,7;0,05;0,03;0,13;4,9;0,5;0,9;23,4;0,08;2,26;0,025;83;0,94;0,05;1,73;50;0,1;20,28;1,2;80;11,4
34;SMP;IBV236;RB-0039;0,005;1,13;0,5;0,05;5;100;0,5;0,06;0,2;0,05;95,71;14,3;105;0,7;15,5;3,7;5,5;0,2;0,18;0,04;0,01;0,12;60,9;5;0,15;0,23;872;1,04;0,03;5,24;25,9;413;10,4;15;0,05;0,005;0,025;4,5;0,5;0,6;20,6;0,08;0,82;0,025;21,5;0,56;0,08;1,64;65;0,2;13,64;1;60;6,4
35;SMP;IBV237;RB-0045;0,005;1,16;0,5;0,05;5;121;0,5;0,05;0,14;0,04;45,93;12;84;0,51;13,8;2,68;5,3;0,1;0,14;0,02;0,01;0,13;31,4;5;0,12;0,22;550;1,18;0,02;3,76;29,5;333;8,3;18,2;0,05;0,01;0,025;4,2;0,5;0,6;17,9;0,025;0,44;0,025;9;0,31;0,09;0,82;45;0,1;9,62;0,9;58;5,9
36;SMP;IBV239;RB-0202;0,01;1,82;11;0,05;5;70;0,6;0,22;0,14;0,04;32,88;18,6;40;2,58;57,1;4,64;8,7;0,05;0,19;0,06;0,03;0,18;17,4;10;0,08;0,42;822;0,85;0,02;1,35;31,6;262;8,7;26;0,05;0,005;0,39;8,6;0,5;0,5;11,8;0,05;0,36;0,025;6,2;0,15;0,16;0,62;100;0,2;6,79;0,6;62;8,1
37;SMP;IBV240;RB-0205;0,005;0,64;3;0,05;5;30;0,3;0,13;0,1;0,03;16,92;6,1;19;1,16;14,7;1,65;2,9;0,05;0,1;0,03;0,01;0,13;9,1;5;0,04;0,11;267;1,51;0,03;1,76;12,6;146;5,8;15,1;0,05;0,04;0,16;2,6;0,5;0,15;3,9;0,08;0,18;0,025;2,8;0,08;0,1;0,34;27;0,3;3,27;0,3;32;3,5
38;SMP;IBV241;RB-0215;0,2;1,46;31;0,1;5;101;0,7;0,38;0,11;0,09;46,2;22,5;52;1,75;42,1;4,51;6,6;0,05;0,19;0,05;0,03;0,21;23,2;10;0,09;0,23;1548;0,94;0,02;1,39;32,4;302;23,9;19,3;0,05;0,01;2,25;8;0,5;0,7;8,8;0,08;0,37;0,09;5,4;0,23;0,15;0,71;71;0,2;6,13;0,7;79;6,9
39;SMP;IBV242;RB-0226;0,63;1,69;253;0,05;5;147;1,5;4,58;0,12;0,32;39,92;40;132;3,89;129;5,66;8,6;0,1;0,19;0,005;0,06;0,18;20,1;14;0,09;0,35;1984;3,25;0,02;0,9;76,9;364;143,8;42,2;0,05;0,04;18,86;13,1;0,5;0,6;10,7;0,07;0,39;0,25;5;0,12;0,46;1,2;115;12,4;7,09;0,6;151;5,9
40;SMP;IBV243;RB-0236;0,1;0,76;13;0,05;5;193;0,6;0,34;0,03;0,07;66,29;19,4;27;0,92;30,8;4,52;5;0,1;0,15;0,06;0,01;0,13;32;6;0,05;0,05;3698;1,79;0,005;1,47;24,3;526;21,3;10;0,05;0,05;0,59;2,6;0,5;0,3;9;0,05;0,4;0,14;6,5;0,05;0,13;0,67;25;0,7;4,33;0,3;86;3,6
41;SMP;IBV244;RB-0256;0,01;1,5;1;0,05;5;130;1,5;0,27;0,1;0,04;116,24;18,2;34;1,96;32,5;3,98;7,8;0,2;0,17;0,03;0,02;0,29;62,7;17;0,22;0,31;1716;1,33;0,02;1,77;25,8;366;13,3;30,2;0,05;0,07;0,18;5,6;0,5;1,1;7,2;0,1;1,13;0,08;23;0,09;0,16;2,63;35;0,3;20,33;1,6;71;2,7
42;SMP;IBV245;RB-0259;0,005;0,87;0,5;0,05;5;63;0,5;0,07;0,14;0,07;131,3;9,1;56;1,71;10,6;2,44;5,2;0,2;0,19;0,05;0,01;0,13;75,4;8;0,1;0,23;382;1,07;0,02;2,41;21,3;347;8,2;16,3;0,05;0,04;0,05;3,3;0,5;0,4;11,2;0,08;1,2;0,025;22,6;0,16;0,1;2,57;43;0,3;14,98;0,8;53;3,4
43;SMP;IBV246;RB-0261;0,05;0,96;20;0,05;5;218;0,9;0,32;0,07;0,14;64,05;22,6;29;1,72;41,4;5,69;5,6;0,1;0,1;0,05;0,01;0,19;29,3;10;0,06;0,12;3984;1,53;0,01;0,69;29,1;632;27,8;15,2;0,05;0,03;1,5;2,9;0,5;0,15;11;0,06;0,4;0,2;8,8;0,03;0,16;0,72;28;0,3;4,95;0,5;117;2,8
44;SMP;IBV247;RB-0262;0,32;1,51;17;0,05;5;101;1,4;0,45;0,07;0,09;50,2;18,7;26;4,62;31,1;3,77;6,9;0,1;0,21;0,03;0,01;0,29;24,7;17;0,09;0,18;2103;1,55;0,02;2,15;17,9;257;14,6;33,1;0,05;0,05;0,5;5,2;0,5;1,5;9,1;0,07;0,38;0,1;6,5;0,28;0,26;1,05;70;4,4;6,07;0,6;79;9,2
45;SMP;IBV248;RB-0263;0,04;1,06;18;0,05;5;82;0,9;0,24;0,06;0,06;59,27;13,6;24;3,45;28,6;2,89;4,8;0,1;0,11;0,03;0,01;0,24;34,2;15;0,07;0,19;1077;1,45;0,005;1,31;20,5;275;11,7;26,3;0,05;0,02;0,4;3,7;0,5;0,7;7,4;0,06;0,42;0,07;6,8;0,1;0,18;0,98;40;1,2;5,39;0,5;69;4,9
46;SMP;IBV287;RB-0014;0,04;0,9;0,5;0,05;5;60;0,2;0,09;0,06;0,04;114,63;4,8;38;0,38;10,7;1,48;4,7;0,1;0,25;0,03;0,01;0,06;72;2;0,07;0,1;427;0,9;0,005;3,91;11,9;277;13,1;4,8;0,05;0,06;0,09;2,7;0,5;0,9;11,1;0,025;0,67;0,025;18,2;0,34;0,05;0,63;16;0,3;7,3;0,5;43;3,1
47;SMP;IBV288;RB-0020;0,005;0,88;0,5;0,05;5;31;0,1;0,12;0,06;0,02;251,86;4,3;39;0,53;15,1;3,35;7,6;0,3;1,23;0,005;0,03;0,05;142,4;2;0,25;0,05;1135;1,69;0,005;6,82;9,3;223;31,8;7,6;0,05;0,08;0,09;3,1;0,5;2;8,3;0,025;1,29;0,05;64,4;0,94;0,09;3,55;28;0,3;17,62;1,7;52;28,6
48;SMP;IBV289;RB-0022;0,005;2,29;2;0,05;5;65;1;0,12;0,07;0,05;123,96;4,3;25;1,44;6,2;2,62;13,7;0,2;0,5;0,12;0,03;0,07;42,7;6;0,2;0,08;432;1,73;0,005;7,31;8,2;294;35,8;19,9;0,05;0,04;0,11;3,8;0,5;3,5;5,5;0,025;0,62;0,08;46;0,1;0,33;3,55;20;0,3;10,89;1,4;44;14,8
49;SMP;IBV290;RB-0028;0,01;0,7;0,5;0,05;5;51;0,3;0,06;0,07;0,05;289,74;7,6;60;0,19;28,2;3,7;5,5;0,4;0,93;0,005;0,03;0,04;163,2;2;0,14;0,06;2110;1,34;0,005;4,8;13,6;297;20;1,8;0,05;0,02;0,12;4;0,5;2;16,9;0,025;1,83;0,025;56,1;1,6;0,02;1,43;57;0,2;17,79;1;76;26,6
50;SMP;IBV291;RB-0030;0,01;1,06;0,5;0,05;5;88;0,4;0,04;0,08;0,05;28,44;8,5;47;0,43;8,2;1,49;4,2;0,05;0,1;0,01;0,01;0,06;16,5;3;0,05;0,11;393;1,04;0,005;2,36;18,1;252;7,7;4,1;0,05;0,06;0,06;2,6;0,5;0,7;13,6;0,025;0,19;0,025;5;0,2;0,06;0,4;17;0,2;3,54;0,3;41;4,1
51;SMP;IBV292;RB-0037;0,005;2,13;1;0,05;5;76;0,8;0,06;0,09;0,06;64,72;13,8;63;0,85;9,3;2,94;9,9;0,05;0,26;0,1;0,05;0,09;36,9;4;0,18;0,11;958;1,36;0,005;5,45;23,4;282;17,5;9,9;0,05;0,04;0,1;3,4;0,5;2,7;10,2;0,025;0,57;0,025;12,3;0,23;0,14;1,4;26;0,3;10,17;1,3;67;7,2
52;SMP;IBV293;RB-0042;0,005;2,1;6;0,05;5;56;0,9;0,09;0,02;0,03;57,26;3,7;17;1,22;5,9;2,05;12,8;0,05;0,21;0,09;0,07;0,08;37,2;5;0,24;0,07;161;1,2;0,005;8,04;7,3;260;20;15,6;0,05;0,04;0,11;2,4;0,5;3,8;3,4;0,025;0,61;0,025;13,2;0,07;0,21;1,96;15;0,2;13,88;1,7;68;4,8
53;SMP;IBV294;RB-0043;0,02;1,25;1;0,05;5;105;0,5;0,05;0,12;0,05;30,05;7,5;58;0,45;10,6;1,81;5;0,05;0,11;0,05;0,01;0,09;17,2;4;0,06;0,15;372;1,5;0,005;2,94;25,6;240;7,8;6,1;0,05;0,01;0,06;3;0,5;0,7;16,2;0,025;0,2;0,025;4,8;0,27;0,09;0,56;21;0,2;3,79;0,4;49;4,4
54;SMP;IBV295;RB-0044;0,005;1,9;1;0,05;5;105;0,7;0,06;0,03;0,02;69,85;4,7;47;0,93;7;2,2;10,4;0,05;0,24;0,06;0,06;0,14;43,8;4;0,18;0,1;343;0,96;0,005;4,62;11,4;212;13,9;12,2;0,05;0,005;0,13;4;0,5;2,7;6,2;0,025;0,58;0,025;13,6;0,1;0,12;1,6;23;0,2;10,04;1,2;50;5,5
55;SMP;IBV296;RB-0062;0,02;3,38;0,5;0,05;5;175;0,9;0,12;0,4;0,04;44,12;37,9;102;0,7;33,5;5,05;10,5;0,1;0,14;0,02;0,03;0,11;25,7;8;0,2;0,61;636;0,73;0,02;1,1;60,8;320;10,1;10,8;0,05;0,03;0,06;7,9;0,5;1;23,9;0,025;0,55;0,025;5,1;0,15;0,1;0,77;100;0,05;13,38;1,3;56;3,9
56;SMP;IBV297;RB-0071;0,02;2,59;0,5;0,05;5;183;1,8;0,15;0,37;0,05;48,55;23,5;81;1,26;28,8;3,32;9,1;0,1;0,12;0,02;0,03;0,17;29,9;11;0,2;0,7;527;0,76;0,02;0,77;49,5;323;13,4;23,4;0,05;0,04;0,06;7,3;0,5;1,2;26,3;0,025;0,56;0,025;7,6;0,13;0,2;2,25;66;0,2;13,18;1,4;65;2,4
57;SMP;IBV298;RB-0072;0,01;2,6;0,5;0,05;5;178;1,4;0,12;0,54;0,09;64,08;18,2;121;1,96;29,4;3,93;11,1;0,1;0,15;0,05;0,05;0,21;31,4;11;0,26;0,58;957;1,5;0,02;5,06;46,3;1098;17;28,5;0,05;0,05;0,15;6,7;0,5;2,8;49,2;0,025;0,69;0,025;9,7;0,19;0,21;1,38;60;0,8;18,17;1,9;99;4,8
58;SMP;IBV299;RB-0073;0,02;1,75;1;0,05;5;136;1,6;0,19;0,13;0,04;143,33;16,7;51;4,1;30,5;5,01;8,8;0,3;0,1;0,005;0,02;0,51;78,4;25;0,18;0,51;761;0,79;0,01;0,59;30,2;403;12,6;37,3;0,05;0,05;0,06;5,3;0,5;1,1;11,6;0,025;1,53;0,025;24,5;0,12;0,21;3,04;66;0,2;21,36;1,3;72;1,9
59;SMP;IBV300;RB-0078;0,05;1,58;2;0,05;5;125;1,3;0,24;0,05;0,06;81,83;15,4;31;1,5;37,5;4,4;9,2;0,05;0,1;0,04;0,03;0,29;23,4;11;0,19;0,17;1229;1;0,01;0,5;20,5;335;118,7;22,9;0,05;0,07;0,14;5,7;0,5;1,3;4;0,025;0,51;0,05;12,8;0,03;0,21;1,74;30;0,3;10,7;1,3;54;2,7
60;SMP;IBV301;RB-0083;0,08;1,11;0,5;0,05;5;118;1;0,2;0,04;0,04;79,83;16,3;27;1,47;32,4;3,78;7,5;0,05;0,09;0,05;0,02;0,23;24,1;11;0,16;0,13;1242;0,92;0,005;0,5;19;329;15,3;18,3;0,05;0,04;0,1;4,9;0,5;0,9;2,9;0,025;0,48;0,025;12,2;0,03;0,19;1,82;26;0,05;9,08;1,1;42;1,8
61;SMP;IBV302;RB-0084;0,03;1,35;0,5;0,05;5;71;0,9;0,12;0,49;0,05;182,77;10;40;2,75;15,6;2,89;7,6;0,3;0,14;0,02;0,02;0,27;97,8;14;0,15;0,65;404;1,02;0,02;1,78;18;378;8,9;33;0,05;0,08;0,05;4,2;0,5;1,3;14,5;0,025;1,59;0,025;33,1;0,11;0,19;3,46;33;0,2;20,04;1,2;50;3,5
62;SMP;IBV303;RB-0088;0,01;1,86;0,5;0,05;5;138;1,2;0,12;0,3;0,03;47,57;21,7;69;1,84;25,8;3,15;7,5;0,05;0,11;0,03;0,02;0,26;26,8;11;0,15;0,6;511;0,67;0,01;0,92;37,6;377;10,2;27,7;0,05;0,05;0,025;5,3;0,5;1;19;0,025;0,51;0,025;8,9;0,11;0,19;1,42;59;0,1;11,47;1,1;58;2,4
63;SMP;IBV305;RB-0093;0,02;1,54;0,5;0,05;5;58;0,8;0,16;0,04;0,04;343,36;6,7;34;3,23;12,5;2,46;9,3;0,5;0,28;0,01;0,02;0,27;182,7;13;0,14;0,22;321;1,08;0,005;2,12;15,1;383;10,1;26,9;0,05;0,01;0,06;4,1;0,5;1;4,2;0,025;2,57;0,07;61,9;0,13;0,19;7,43;28;0,2;24,31;1;45;5,1
64;SMP;IBV306;RB-0096;0,01;1,62;0,5;0,05;5;99;1,1;0,14;0,08;0,04;125,67;10,4;36;4,02;17,4;2,59;7,5;0,2;0,11;0,005;0,01;0,32;68,4;22;0,1;0,35;480;1,13;0,005;1,63;20,4;278;11,5;34,9;0,05;0,02;0,07;4,1;0,5;1,1;6,7;0,025;1,12;0,025;22,5;0,12;0,22;3,03;30;0,05;13,42;0,8;68;2,5
65;SMP;IBV307;RB-0099;0,01;1,98;0,5;0,05;5;128;1;0,28;0,45;0,03;135,43;16,1;61;2,66;23,6;3,74;9,1;0,2;0,27;0,04;0,02;0,38;74,1;15;0,19;0,56;484;1,25;0,03;1,55;31,2;459;13,2;35,2;0,05;0,04;0,07;5,3;0,5;1,2;27,7;0,025;1,25;0,025;22,8;0,17;0,23;3;52;0,2;17,27;1,3;62;5,3
66;SMP;IBV308;RB-0101;0,005;1,8;0,5;0,05;5;114;1,7;0,29;0,12;0,04;79,06;13,3;45;6,22;24,4;3,22;8,2;0,2;0,13;0,03;0,02;0,5;41,8;33;0,12;0,58;551;1,03;0,01;1,77;25,3;382;10,8;49,4;0,05;0,06;0,06;5,2;0,5;1,2;7;0,025;0,69;0,025;15,6;0,13;0,29;2,37;41;0,1;11,18;0,9;64;2,6
67;SMP;IBV309;RB-0105;0,005;1,68;0,5;0,05;5;109;1;0,2;0,11;0,05;54,05;13,7;33;2,89;25,7;2,89;6,6;0,05;0,09;0,05;0,02;0,31;26,5;20;0,13;0,42;595;0,85;0,005;1,79;22,8;283;10,7;29,2;0,05;0,02;0,05;4,2;0,5;0,8;10,4;0,025;0,54;0,07;8,5;0,1;0,18;1,09;33;0,1;9,52;0,9;62;2
68;SMP;IBV310;RB-0106;0,01;1,72;3;0,05;5;84;1,7;0,21;0,07;0,06;44,62;16,6;33;2,55;32,8;3,65;7,6;0,05;0,11;0,03;0,03;0,34;19;17;0,16;0,34;845;0,78;0,005;0,63;28,6;350;13,9;26,4;0,05;0,01;0,12;5,1;0,5;0,8;7;0,025;0,5;0,05;8,3;0,07;0,14;0,93;35;0,05;12,34;1,2;77;2,7
69;SMP;IBV311;RB-0109;0,2;1,54;1;0,05;5;119;1;0,21;0,2;0,05;93,45;15,7;47;2,61;23,8;3,44;7,5;0,1;0,16;0,06;0,02;0,32;49,3;15;0,16;0,41;781;1,42;0,005;1,85;24;453;15;27,8;0,05;0,02;0,16;4,6;0,5;1,2;11,6;0,025;0,9;0,06;18,1;0,13;0,19;2,25;42;0,1;13,95;1,2;61;4
70;SMP;IBV312;RB-0110;0,03;1,16;1;0,05;5;82;1;0,16;0,09;0,03;66,72;11,6;31;2,52;18,2;2,62;5,4;0,05;0,1;0,02;0,01;0,24;34,2;13;0,09;0,3;466;0,99;0,005;1,1;19,1;285;9,5;22,2;0,05;0,04;0,12;3,5;0,5;0,7;6,7;0,025;0,61;0,025;11,8;0,07;0,16;1,45;31;0,05;8,86;0,7;52;2,5
71;SMP;IBV313;RB-0111;0,005;1,27;0,5;0,05;5;81;0,5;0,05;0,15;0,02;34,06;9,6;45;1,44;14,3;1,9;5,3;0,05;0,14;0,03;0,01;0,19;17,6;8;0,07;0,3;361;0,92;0,02;2,27;23,9;173;7,8;25,5;0,05;0,01;0,06;3,2;0,5;0,9;23;0,025;0,26;0,025;6,7;0,12;0,2;1,31;31;0,05;4,91;0,5;37;4,1
72;SMP;IBV314;RB-0112;0,005;1,31;0,5;0,05;5;84;0,7;0,21;0,34;0,02;208,46;10,4;55;2,2;17,2;3,53;7,4;0,3;0,23;0,005;0,02;0,27;112,4;12;0,17;0,37;399;1,28;0,02;2,17;22,7;556;9,9;27,7;0,05;0,01;0,05;3,9;0,5;1,1;30,6;0,025;1,7;0,025;34,7;0,19;0,19;4,27;46;0,1;21,14;1,3;49;6,1
73;SMP;IBV316;RB-0114;0,02;2,13;0,5;0,05;5;191;1,2;0,17;0,07;0,04;80,51;19;47;4,4;26,2;4,14;8,9;0,1;0,08;0,01;0,03;0,62;41,4;26;0,11;0,59;872;1,31;0,01;2,38;30,1;346;14,7;53,8;0,05;0,005;0,1;5,6;0,5;1,3;10,4;0,025;0,75;0,025;13,3;0,19;0,31;1,72;59;0,1;10,27;0,8;74;2,7
74;SMP;IBV317;RB-0119;0,005;1,13;0,5;0,05;5;83;0,9;0,14;0,24;0,04;83,44;9,4;40;2,05;16,7;2,34;6;0,1;0,19;0,03;0,01;0,24;47;12;0,13;0,37;307;0,82;0,01;1,4;20,6;406;12,4;25,7;0,05;0,04;0,06;3,6;0,5;1;19,4;0,025;0,75;0,025;15,1;0,11;0,18;2,03;34;0,05;11,58;0,9;46;3,6
75;SMP;IBV318;RB-0124;0,005;1,65;0,5;0,05;5;135;1;0,14;0,12;0,03;68,03;12,5;40;3,09;17,5;2,65;6,2;0,05;0,08;0,005;0,01;0,35;35,7;17;0,08;0,34;578;1,24;0,01;2,03;23,3;341;8;33,1;0,05;0,05;0,05;4;0,5;0,9;14,3;0,025;0,6;0,025;9,9;0,12;0,19;1,55;35;0,05;9,47;0,6;50;2,2
76;SMP;IBV319;RB-0125;0,005;1,43;0,5;0,05;5;92;0,9;0,15;0,09;0,04;40,98;7,9;36;2,97;15,4;2,4;6,1;0,05;0,55;0,05;0,01;0,24;20,3;17;0,16;0,26;423;0,91;0,005;2,6;16,5;300;8,7;28,2;0,05;0,01;0,06;3,8;0,5;1,2;11,1;0,025;0,44;0,025;12,9;0,15;0,19;1,79;31;0,05;9,09;1,1;65;10,4
77;SMP;IBV320;RB-0128;0,005;1,47;0,5;0,05;5;94;0,8;0,11;0,07;0,03;42,05;8,4;35;3,19;14;2,47;6;0,05;1,17;0,02;0,02;0,32;21,6;23;0,27;0,28;544;1,57;0,02;3,8;19,9;172;10,2;36;0,05;0,04;0,07;3,3;0,5;1,4;9,1;0,025;0,53;0,025;17,1;0,17;0,24;2,53;29;0,2;12,5;1,8;50;20,9
78;SMP;IBV321;RB-0129;0,005;1,42;0,5;0,05;5;96;1,1;0,15;0,18;0,05;71,59;11,7;47;2,27;15,4;2,66;6;0,05;0,11;0,005;0,02;0,22;35,6;14;0,09;0,32;396;1,13;0,02;1,94;23,4;261;11;22,3;0,05;0,02;0,1;3,5;0,5;0,9;13,3;0,025;0,56;0,025;10,7;0,12;0,16;1,49;32;0,05;7,92;0,7;50;3,4
79;SMP;IBV322;RB-0136;0,005;0,98;0,5;0,05;5;71;0,7;0,1;0,04;0,02;32,03;7,3;36;2,18;12;2,26;5;0,05;0,3;0,03;0,01;0,18;14,3;13;0,14;0,19;343;0,95;0,005;2,39;16,2;304;8,3;23,8;0,05;0,03;0,07;3,3;0,5;1,1;5,9;0,025;0,34;0,025;10,5;0,09;0,17;1,35;33;0,1;8,11;1;35;7
80;SMP;IBV323;RB-0137;0,23;1,27;1;0,05;5;102;0,7;0,16;0,39;0,05;35,41;6,9;50;1,94;36,4;2,5;5,6;0,05;0,11;0,27;0,02;0,2;16,2;7;0,08;0,31;268;1,25;0,005;2,97;23,6;831;11,9;20;0,05;0,06;0,12;4,4;0,5;2,5;47,3;0,025;0,33;0,06;6,7;0,16;0,17;1,01;45;0,4;6,07;0,6;53;3,9
81;SMP;IBV324;RB-0139;0,04;1,69;0,5;0,05;5;108;1;0,13;0,18;0,03;87,29;12,9;49;2,97;19,6;2,66;7,4;0,1;0,17;0,04;0,02;0,28;48,8;16;0,15;0,37;577;1,06;0,01;2,45;24,5;358;9,7;33,3;0,05;0,005;0,025;4,4;0,5;1,2;21,7;0,025;0,81;0,025;14,4;0,15;0,23;2,15;36;0,05;12,98;1,1;51;4
82;SMP;IBV325;RB-0141;0,1;0,69;0,5;0,05;5;301;0,4;0,08;6,83;0,12;85,19;31,6;205;0,78;58,8;6,89;6,2;0,2;0,37;0,05;0,05;0,12;46,1;4;0,13;1,32;1120;1,13;0,03;4,3;65,8;8439;19,1;12,7;0,05;0,18;0,19;10;0,5;2,8;898,7;0,025;0,93;0,025;7,2;0,39;0,07;1,03;214;0,4;14,25;0,9;91;14,9
83;SMP;IBV326;RB-0151;0,06;0,88;0,5;0,05;5;92;1;0,21;0,08;0,05;117,12;5,7;28;2,57;13,8;3,05;5;0,2;0,025;0,005;0,01;0,22;64,3;13;0,08;0,12;295;2,39;0,005;4,39;16,2;255;6,9;18,8;0,05;0,02;0,1;2,3;0,5;0,9;6,4;0,025;0,96;0,025;11,4;0,16;0,12;1,59;22;0,1;11,17;0,6;50;2
84;SMP;IBV327;RB-0157;0,005;0,14;0,5;0,05;5;8;0,05;0,03;0,06;0,02;4,92;0,9;14;0,26;3,4;0,72;0,5;0,05;0,07;0,005;0,01;0,02;2,4;0,5;0,005;0,03;82;2,26;0,005;1,13;8,6;25;0,8;2;0,05;0,005;0,09;0,4;0,5;0,15;1,9;0,025;0,04;0,025;0,3;0,01;0,02;0,1;0,5;0,05;0,61;0,05;6;0,8
85;SMP;IBV328;RB-0187;0,005;1,05;2;0,05;5;80;0,6;0,15;0,1;0,03;177,99;9,5;31;1,9;13,4;2,14;5,6;0,3;0,16;0,005;0,01;0,22;97,5;11;0,1;0,19;805;1,14;0,005;1,73;14,9;296;9,4;22,8;0,05;0,005;0,17;2,7;0,5;0,7;11,4;0,025;1,4;0,025;36,2;0,15;0,13;4,62;23;0,05;15,41;0,8;40;4
86;SMP;IBV329;RB-0204;0,005;1,65;2;0,05;5;81;0,8;0,28;0,11;0,03;510,17;9,4;78;2,29;15;2,77;11,8;0,7;0,28;0,01;0,02;0,16;274,4;10;0,14;0,2;713;1,48;0,005;1,73;24,2;573;15,9;22,4;0,05;0,005;0,08;4,4;1;1,1;11,8;0,025;3,29;0,025;124,7;0,12;0,18;14,08;42;0,05;33,39;1,2;33;7,1
87;SMP;IBV330;RB-0206;0,01;1,51;8;0,05;5;79;0,9;0,19;0,23;0,07;44,14;19,2;83;2,43;43,3;4,17;7,3;0,05;0,14;0,005;0,03;0,21;20,8;11;0,08;0,5;783;0,82;0,005;1,45;36,3;230;11,1;28,3;0,05;0,03;0,34;7,7;0,5;0,7;8;0,025;0,37;0,025;9,7;0,2;0,17;0,56;81;2,3;6,62;0,6;68;5,3
88;SMP;IBV331;RB-0208;0,03;1,28;8;0,05;5;58;1,1;0,18;0,14;0,09;121,54;12;34;2,21;24,1;3,1;5,8;0,2;0,1;0,02;0,01;0,28;60,8;10;0,08;0,24;417;2,24;0,005;1,25;23,3;285;8,9;26,3;0,05;0,02;0,4;3,7;0,5;0,6;7,1;0,025;0,71;0,025;10;0,08;0,15;0,88;32;0,2;6,93;0,5;62;4,2
89;SMP;IBV332;RB-0252;0,005;1,68;0,5;0,05;5;105;0,7;0,16;0,09;0,03;74,26;13;36;4,4;23,4;2,79;6,7;0,05;0,09;0,005;0,01;0,37;38,6;20;0,1;0,39;555;0,83;0,005;1,26;22,3;269;8,6;34,5;0,05;0,005;0,025;3,9;0,5;0,8;8,4;0,025;0,71;0,025;13,2;0,12;0,2;1,8;33;0,05;9,68;0,7;59;2,5
90;SMP;IBV333;RB-0253;0,005;1,62;2;0,05;5;120;1;0,19;0,11;0,06;37,62;14,7;33;2,17;31,3;3,14;6,1;0,05;0,09;0,02;0,01;0,3;17,6;17;0,11;0,39;767;0,68;0,005;0,74;26,8;294;11,5;21,7;0,05;0,02;0,09;3,2;0,5;0,6;14,3;0,025;0,41;0,06;7,6;0,08;0,14;0,81;26;0,05;8,41;0,8;73;2,4
91;SMP;IBV334;RB-0255;0,005;1,45;4;0,05;5;80;1,9;0,24;0,13;0,05;82,44;12,8;29;6,87;21,6;2,8;6,2;0,1;0,09;0,04;0,01;0,29;42,9;22;0,12;0,4;764;0,84;0,005;1,54;19,9;392;12,7;32,2;0,05;0,005;0,13;3;0,5;0,9;6,6;0,025;0,71;0,025;15,3;0,08;0,17;2,52;25;0,05;10,68;0,9;59;2
92;SMP;IBV336;RB-0271;0,01;0,97;0,5;0,05;5;90;0,8;0,13;0,11;0,04;58,36;12,1;27;1,99;19,6;2,61;5,4;0,05;0,09;0,02;0,01;0,2;25,7;12;0,11;0,27;723;0,63;0,005;0,8;17,4;279;11,1;18,5;0,05;0,005;0,11;3,4;0,5;0,9;5,3;0,025;0,49;0,025;11,2;0,06;0,14;1,41;25;0,05;8,34;0,8;43;2
93;SMP;IBV510;RB-0001;0,03;2,06;3;0,05;5;130;1,3;0,09;0,27;0,07;64,53;14,5;109;1,64;25,9;3,51;8,5;0,2;0,45;0,04;0,05;0,39;35,1;19;0,34;0,52;532;3,35;0,03;6,13;66,2;263;15,1;37,2;0,05;0,07;0,18;6,3;0,5;2,9;60;0,025;0,74;0,025;6,7;0,25;0,3;1,03;52;0,2;20,91;2,2;87;11,4
94;SMP;IBV511;RB-0051;0,01;1,08;0,5;0,05;5;66;0,5;0,04;0,1;0,04;132,22;6,2;73;0,63;13,8;2,23;4,6;0,3;0,26;0,05;0,02;0,1;68,9;6;0,1;0,14;661;3;0,03;4,48;32,3;227;9,7;7,5;0,05;0,02;0,13;3,4;0,5;1,3;14,8;0,025;1,01;0,025;17,8;0,52;0,08;2,3;29;0,2;12,3;0,7;45;11
95;SMP;IBV512;RB-0066;0,005;1,26;0,5;0,05;5;55;0,7;0,05;0,07;0,01;243,1;5;44;1,62;8,2;2,22;6,2;0,5;0,17;0,01;0,02;0,21;119,4;13;0,11;0,19;345;3,16;0,005;2,4;23,8;297;8,6;17,5;0,05;0,005;0,09;3,3;1;1,1;7,5;0,025;1,9;0,025;31;0,15;0,13;4,77;26;0,1;21,91;0,9;38;5,9
96;SMP;IBV513;RB-0142;0,005;0,83;1;0,05;5;55;0,6;0,1;0,1;0,03;31,96;7,3;33;1,65;14,2;2,75;3,3;0,1;0,08;0,02;0,01;0,21;15,5;14;0,07;0,21;448;1,77;0,01;2,53;19,3;195;6,7;18,1;0,05;0,005;0,18;2,9;0,5;0,9;6,7;0,025;0,31;0,025;5,9;0,22;0,12;0,66;30;0,05;5,58;0,6;40;3,8
97;SMP;IBV514;RB-0173;0,005;0,93;2;0,05;5;54;0,6;0,18;0,08;0,02;239,33;6,1;44;2,27;10,7;1,58;5,5;0,5;0,13;0,05;0,01;0,22;118,2;18;0,11;0,24;434;1,58;0,03;2,41;19,8;309;10;22,4;0,05;0,005;0,07;2,7;1;1,2;8,5;0,06;1,75;0,025;39,6;0,1;0,14;8,17;23;0,2;20,57;0,9;30;4,6
98;SMP;IBV515;RB-0175;0,005;0,94;2;0,05;5;56;0,6;0,1;0,22;0,005;381,89;7,5;122;1,9;13,9;1,77;6,9;0,8;0,26;0,005;0,02;0,23;181,9;15;0,15;0,4;437;1,24;0,03;3,16;37,8;471;9,5;24,5;0,05;0,01;0,06;3,8;0,5;1,1;16,4;0,025;2,91;0,025;64,7;0,22;0,14;12,7;41;0,2;32,58;1,3;29;8,4
99;SMP;IBV516;RB-0176;0,005;1,44;0,5;0,05;5;69;0,9;0,12;0,16;0,01;276,01;10,6;61;3,09;20,5;2,36;8,2;0,5;0,19;0,04;0,03;0,31;137,7;26;0,13;0,48;589;1,17;0,005;2,1;28,7;425;10,9;35,5;0,05;0,03;0,05;5,2;1;1,5;11,7;0,08;2,16;0,025;52,4;0,17;0,21;11,32;43;0,2;26,17;1,1;48;6
100;SMP;IBV517;RB-0178;0,005;1,91;0,5;0,05;5;141;0,8;0,09;0,26;0,04;126,95;16,5;128;2,73;27,3;3,36;8,4;0,3;0,24;0,02;0,03;0,41;60,8;24;0,11;0,72;843;6,83;0,03;3,35;70,5;364;9,8;43,3;0,05;0,005;0,07;7,2;0,5;1,5;26,4;0,025;1,02;0,025;25,1;0,28;0,29;4,35;62;0,1;13,96;0,8;43;10,2
101;SMP;IBV518;RB-0181;0,005;0,41;1;0,05;5;34;0,3;0,05;0,04;0,005;139,18;5,7;125;0,72;7,5;1,26;2,9;0,3;0,13;0,02;0,01;0,06;66,8;4;0,04;0,07;657;1,61;0,005;3,47;19;182;6,2;6;0,05;0,005;0,07;2;0,5;0,5;9;0,025;1,03;0,05;23,5;0,3;0,06;3,97;23;0,05;10,78;0,4;34;4,7
102;SMP;IBV519;RB-0183;0,005;1,53;0,5;0,05;5;100;1;0,11;0,17;0,04;391,27;16,5;473;2,04;26,1;3,88;9,8;0,8;0,43;0,03;0,03;0,28;191;16;0,16;0,41;1047;8,95;0,03;4,02;66,8;464;13,8;30,4;0,05;0,005;0,06;6,9;1;1,4;21,3;0,025;2,99;0,025;70,8;0,54;0,19;13;87;0,2;33,61;1,4;58;14,6
103;SMP;IBV520;RB-0184;0,005;1,39;0,5;0,05;5;118;0,7;0,05;0,2;0,02;422,6;14,4;265;1,73;19,1;3,35;8,7;0,9;0,35;0,005;0,02;0,3;201,9;12;0,17;0,41;1691;2,77;0,04;4,01;67,4;534;11;29,2;0,05;0,04;0,06;5,3;2;1,2;24,1;0,09;3,05;0,025;72,3;0,46;0,18;11,99;60;0,1;33,8;1,2;40;12,6
104;SMP;IBV521;RB-0185;0,005;0,99;0,5;0,05;5;59;0,7;0,12;0,1;0,02;222,97;7,2;50;2,23;14,8;1,85;6;0,5;0,15;0,05;0,02;0,24;106,5;18;0,12;0,29;451;5,08;0,02;1,98;17,8;301;9,3;25,5;0,05;0,02;0,025;3,3;1;1,1;8,8;0,025;1,67;0,1;38,2;0,13;0,17;8,09;32;0,2;19,87;0,9;37;5,6
105;SMP;IBV522;RB-0186;0,005;0,79;2;0,05;5;60;0,5;0,12;0,06;0,01;100,25;8,1;37;1,68;13,5;1,96;3,1;0,2;0,11;0,02;0,01;0,19;50,2;14;0,08;0,2;498;1,38;0,01;1,73;18,4;210;7,8;16,6;0,05;0,01;0,16;2,2;0,5;0,6;5,5;0,025;0,77;0,06;14,5;0,13;0,12;2,4;29;0,05;9,19;0,6;38;4,1
106;SMP;IBV523;RB-0188;0,005;1,5;10;0,1;5;110;1,1;0,21;0,1;0,05;42,65;19;60;2,39;34,3;4,99;6,1;0,2;0,15;0,1;0,03;0,38;19,5;19;0,1;0,24;1126;4,27;0,02;2,42;29;301;12,3;27,8;0,05;0,02;0,63;5,3;0,5;1,1;13,3;0,13;0,4;0,025;7,5;0,4;0,17;1,11;82;0,1;6,95;0,8;81;7,7
107;SMP;IBV524;RB-0191;0,005;0,45;1;0,05;5;17;0,3;0,04;0,04;0,005;658;3,5;37;0,74;9,4;1,53;6,9;1,2;0,52;0,02;0,01;0,12;323,8;5;0,2;0,07;359;10,65;0,005;1,29;8,8;511;13,7;8,7;0,05;0,005;0,07;1,9;2;0,5;4,9;0,025;4,56;0,025;115,8;0,26;0,07;20,99;18;0,1;46,32;1,7;20;16
108;SMP;IBV525;RB-0192;0,005;2,03;0,5;0,05;5;98;1,1;0,08;0,17;0,02;86,73;15,1;77;3,98;25,9;3,08;9,5;0,3;0,22;0,005;0,04;0,37;44,5;30;0,1;0,64;897;1,54;0,02;2,83;34,8;283;9,7;44,1;0,05;0,02;0,025;7,6;0,5;1,9;14,6;0,025;0,71;0,025;22,4;0,26;0,32;3,41;56;0,05;11,19;0,7;60;11,2
109;SMP;IBV526;RB-0193;0,005;0,51;0,5;0,05;5;30;0,3;0,04;0,05;0,12;330,83;3,8;44;0,73;8,4;1,42;4,7;0,7;0,32;0,005;0,01;0,14;164,4;6;0,11;0,09;443;3,04;0,02;2,16;22,1;308;8,6;8,9;0,05;0,05;0,08;1,9;2;0,8;6,3;0,025;2,33;0,025;58,4;0,19;0,07;9,59;24;0,05;23,9;0,8;19;11,9
110;SMP;IBV527;RB-0194;0,005;1,18;0,5;0,05;5;43;0,5;0,07;0,05;0,01;283,95;5,7;48;1,49;14,4;3,26;7,3;0,6;0,29;0,11;0,02;0,15;137,1;10;0,11;0,13;534;7,56;0,01;1,78;10,8;333;10,9;15,9;0,05;0,03;0,06;5;1;1,1;5,4;0,025;1,97;0,025;53,7;0,23;0,14;9,01;47;0,05;21,88;0,9;34;11
111;SMP;IBV528;RB-0195;0,005;1,46;5;0,05;5;94;1;0,1;0,05;0,04;56,08;8,2;44;1,69;14,2;2,38;5,6;0,2;0,4;0,1;0,04;0,32;26,9;14;0,19;0,15;553;1,86;0,04;10,08;20,4;229;12,9;25,9;0,05;0,005;0,5;3,5;0,5;1,9;8,9;0,025;0,5;0,025;12,9;0,24;0,18;2,04;29;0,1;10,82;1,3;61;13,3
112;SMP;IBV529;RB-0196;0,005;0,6;0,5;0,05;5;24;0,4;0,04;0,04;0,02;354,12;5;26;0,66;11;1,84;5,4;0,6;0,5;0,26;0,02;0,1;179,8;5;0,11;0,1;351;4,02;0,02;2,67;7;322;10,7;8,5;0,05;0,02;0,025;3,6;0,5;0,8;5,5;0,05;2,09;0,025;65;0,59;0,07;8,58;43;0,05;21,31;0,9;32;19,3
113;SMP;IBV530;RB-0199;0,005;0,99;0,5;0,05;5;48;0,6;0,05;0,14;0,005;530,45;9,6;92;1,31;11,2;1,76;8,4;1;0,21;0,14;0,01;0,15;261,5;14;0,17;0,26;615;1,14;0,02;2,55;28,3;483;14,1;17,3;0,05;0,005;0,05;3,4;2;0,8;15,2;0,025;3,51;0,025;105,5;0,18;0,12;15,65;33;0,05;38,74;1,4;31;8
114;SMP;IBV531;RB-0200;0,33;1,5;0,5;0,05;5;92;1,3;0,31;0,16;0,04;158,51;12,3;63;2,36;17,9;2,76;7,6;0,4;0,78;0,08;0,03;0,32;80,8;23;0,18;0,45;903;5,82;0,04;3,16;29,5;354;10,7;34,8;0,05;0,03;0,07;5,2;0,5;1,9;15,9;0,025;1,22;0,3;29,4;0,22;0,22;5,58;40;0,3;17,94;1,3;51;12,3
115;SMP;IBV532;RB-0201;0,04;0,95;19;0,05;5;74;0,8;0,22;0,06;0,06;47,28;14,9;41;2,67;29;3,78;4,7;0,2;0,09;0,005;0,03;0,18;22,1;14;0,07;0,16;1425;0,77;0,005;1,28;23,2;312;19;17,1;0,05;0,005;1,1;5,4;0,5;0,7;7;0,025;0,33;0,05;6,1;0,34;0,12;0,91;58;0,2;4,7;0,5;84;6,4
116;SMP;IBV533;RB-0203;0,03;1,69;9;0,05;5;112;1,2;0,3;0,07;0,04;67,9;11,9;48;2,29;17,6;2,83;6,2;0,2;0,22;0,03;0,01;0,4;33,5;19;0,1;0,33;1267;1,72;0,02;3,69;25,6;223;15,1;34,8;0,05;0,02;0,32;4,3;0,5;1,2;10,3;0,025;0,51;0,1;10,4;0,15;0,21;2,03;32;0,4;8,48;0,8;56;5,7
117;SMP;IBV534;RB-0209;0,18;1,28;10;0,05;5;76;0,8;0,44;0,08;0,03;49,19;14,2;39;1,7;20,6;2,92;5,6;0,1;0,35;0,06;0,04;0,12;21,9;12;0,12;0,14;1198;4,18;0,005;2,38;14,2;223;33,3;18,6;0,05;0,01;0,8;4,5;0,5;1,2;10,5;0,025;0,37;0,16;8,5;0,17;0,17;1,56;46;1;7,59;0,9;49;9,7
118;SMP;IBV535;RB-0210;0,12;1,32;15;0,05;5;133;1,1;0,28;0,05;0,08;54,08;14,2;57;2,36;31,9;4,75;5,3;0,2;0,15;0,03;0,04;0,33;23,4;11;0,05;0,14;1964;1,77;0,005;2,43;27;327;48;23,9;0,05;0,02;0,98;4,6;0,5;0,7;8,6;0,025;0,34;0,08;6,3;0,32;0,19;0,87;43;0,3;3,97;0,4;88;6,9
119;SMP;IBV536;RB-0211;0,06;1,05;20;0,05;5;101;1;0,22;0,04;0,06;46,44;16,8;57;1,94;39,8;5,13;5,5;0,2;0,21;0,005;0,03;0,2;20;12;0,07;0,14;2171;2,55;0,005;0,88;24,7;292;19,1;15,8;0,05;0,005;1,39;6,4;0,5;0,6;7,1;0,025;0,32;0,09;4,8;0,54;0,12;0,85;75;0,05;4,22;0,5;77;7,7
120;SMP;IBV537;RB-0212;0,14;1,11;5;0,05;5;77;0,6;0,16;0,13;0,04;94,18;9,9;48;1,2;20,9;2,6;5;0,3;0,23;0,03;0,05;0,12;47,4;10;0,08;0,22;590;0,95;0,01;2,1;17,7;235;61,6;15,7;0,05;0,01;0,82;3,9;0,5;1,3;17,3;0,025;0,73;0,025;14,4;0,24;0,14;2,59;40;0,1;9,4;0,6;61;7,7
121;SMP;IBV538;RB-0213;0,03;0,62;8;0,05;5;45;0,6;0,17;0,04;0,04;42,29;11;51;1,39;24,2;3,65;3,2;0,1;0,11;0,03;0,02;0,09;20;6;0,05;0,06;1217;1,13;0,005;2,91;19,8;202;18,9;10,7;0,05;0,005;0,7;3,5;0,5;0,5;5,9;0,025;0,26;0,06;4;0,49;0,09;0,64;44;0,1;3;0,3;63;5,2
122;SMP;IBV539;RB-0214;0,005;0,62;2;0,05;5;47;0,5;0,08;0,03;0,02;28;5,4;24;1,27;9,3;1,61;2,7;0,1;0,32;0,05;0,01;0,12;14,5;9;0,11;0,1;512;2,56;0,005;2,42;10,8;135;8,2;14;0,05;0,005;0,28;2;0,5;0,6;5;0,025;0,25;0,025;5,8;0,15;0,12;1,06;20;0,05;6,08;0,8;34;7,9
123;SMP;IBV540;RB-0216;0,005;0,56;2;0,05;5;10;0,3;0,07;0,08;0,03;1000;6;34;0,83;13,3;2,41;12,6;2,1;1,03;0,005;0,03;0,14;589,3;7;0,34;0,12;683;8,3;0,02;2,94;8,8;847;24,1;10,8;0,05;0,005;0,08;4,2;3;1,1;8,5;0,025;7,6;0,025;232,9;0,81;0,08;33,96;47;0,1;83,09;2,8;38;31,1
124;SMP;IBV541;RB-0218;0,005;1,2;1;0,05;5;47;0,8;0,08;0,07;0,01;406,44;7,5;53;2,13;13,2;1,91;7,7;0,8;0,35;0,02;0,02;0,2;196,9;15;0,18;0,2;584;1,36;0,02;1,98;18,5;381;10,8;23,2;0,05;0,01;0,06;4,2;2;0,9;6,5;0,025;3,19;0,025;72,7;0,23;0,16;15,39;29;0,5;38,24;1,4;37;11,9
125;SMP;IBV542;RB-0219;0,005;0,81;6;0,05;5;56;0,6;0,13;0,05;0,03;38,29;11,1;35;1,24;22,7;3,2;3,7;0,2;0,14;0,005;0,02;0,16;17,6;9;0,05;0,1;1096;2,98;0,005;1,15;14,9;225;14,2;14;0,05;0,005;0,48;3,8;0,5;0,4;5,2;0,025;0,26;0,025;4,2;0,3;0,1;0,76;45;0,05;3,53;0,4;54;5,9
126;SMP;IBV543;RB-0220;0,005;0,98;13;0,05;5;62;0,7;0,17;0,005;0,02;44,66;14,3;69;1,11;29;5,32;4,4;0,2;0,17;0,04;0,03;0,13;19,9;16;0,05;0,34;1156;1,19;0,005;1,43;24,6;212;15,4;9,9;0,05;0,005;0,53;3,4;0,5;0,5;3,2;0,025;0,32;0,025;6,9;0,44;0,09;0,75;59;0,05;3,44;0,3;66;8,1
127;SMP;IBV544;RB-0221;0,005;1,39;2;0,05;5;67;0,8;0,09;0,04;0,01;232,17;12,5;53;2,59;27,6;2,93;8,2;0,5;0,25;0,02;0,03;0,26;110,1;17;0,14;0,26;771;2,08;0,01;1,41;18,4;318;13,3;35,8;0,05;0,03;0,025;6,4;0,5;0,9;5,4;0,06;1,84;0,025;36,2;0,28;0,25;9,25;62;0,1;22,86;1,2;55;8,4
128;SMP;IBV545;RB-0222;0,005;0,71;5;0,05;5;32;0,6;0,15;0,03;0,03;47,38;9,2;34;1,23;25,7;3,18;3,7;0,2;0,33;0,03;0,03;0,11;21,3;6;0,04;0,05;672;1,08;0,005;3,08;12,9;186;14,7;9,4;0,05;0,04;0,22;4,7;0,5;0,7;6,3;0,025;0,32;0,025;6,5;0,93;0,09;0,83;54;0,05;3,53;0,4;62;13,4
129;SMP;IBV546;RB-0223;0,005;0,59;9;0,05;5;48;0,4;0,1;0,01;0,03;27,29;12,3;72;0,99;21,5;5,36;3,1;0,2;0,09;0,16;0,01;0,1;11,4;5;0,03;0,04;1601;3,42;0,005;1,43;16,2;205;11,8;8,8;0,05;0,005;0,42;3,3;0,5;0,4;3,1;0,025;0,19;0,025;3,8;0,65;0,1;0,5;64;0,05;2,49;0,3;54;5,7
130;SMP;IBV547;RB-0224;0,005;0,76;2;0,05;5;45;0,4;0,13;0,07;0,05;35,97;7,7;40;1,7;20,5;2,63;3,5;0,2;0,33;0,12;0,09;0,11;17,1;6;0,05;0,09;755;1,52;0,03;4,58;14,4;236;15,1;10,4;0,05;0,03;0,2;4,1;0,5;1,1;8,6;0,07;0,27;0,025;4,2;0,77;0,09;0,68;41;0,05;3,45;0,3;61;15
131;SMP;IBV548;RB-0225;0,09;1,45;27;0,05;5;101;1,1;0,7;0,11;0,1;55,94;19,5;57;2,65;42,7;4,37;6;0,2;0,15;0,14;0,05;0,15;24,9;17;0,13;0,21;2299;3;0,02;3,16;28,3;359;56,9;20,2;0,05;0,005;1,91;6,3;0,5;2;11,5;0,025;0,45;0,025;10,5;0,34;0,23;2,32;54;0,6;8,4;0,9;83;8,4
132;SMP;IBV549;RB-0227;0,15;1,2;6;0,05;5;95;0,7;0,13;0,24;0,06;78,83;11,9;39;1,68;22,9;2,86;5,2;0,3;0,14;0,06;0,05;0,19;39,2;13;0,08;0,36;1348;1,16;0,02;2,09;21,4;327;56,6;21;0,05;0,005;0,61;4,6;0,5;1,2;18,9;0,025;0,65;0,025;11,6;0,21;0,16;2,48;37;0,2;9,7;0,6;80;6,7
133;SMP;IBV550;RB-0228;0,03;1,24;5;0,05;5;57;0,8;0,15;0,27;0,06;36,3;15,2;58;1,35;28,2;3,46;4,6;0,2;0,23;0,18;0,03;0,13;17,8;14;0,08;0,2;814;4,45;0,02;1,47;23,2;209;25,3;11,2;0,05;0,005;0,56;6,7;0,5;0,8;14,5;0,025;0,29;0,025;6,1;0,41;0,1;1,14;59;0,05;5,34;0,6;71;10
134;SMP;IBV551;RB-0231;0,005;0,95;0,5;0,05;5;47;0,6;0,06;0,04;0,01;182,84;8,7;39;1,83;16,4;1,96;5,5;0,5;0,28;0,02;0,02;0,17;86,6;13;0,11;0,17;629;1,04;0,02;1,61;15;235;10,6;23,3;0,05;0,005;0,025;4,2;0,5;0,8;4,3;0,025;1,47;0,025;30,4;0,39;0,16;7,75;39;0,05;17,15;0,7;47;10,3
135;SMP;IBV552;RB-0234;0,29;0,6;0,5;0,05;5;31;0,4;0,2;0,04;0,01;90,88;4,3;15;0,88;7,5;1,6;3,2;0,2;0,46;0,07;0,01;0,1;45,8;5;0,06;0,07;472;3,19;0,005;2,14;5,1;180;7,9;13,4;0,05;0,005;0,025;2,1;0,5;0,9;4,5;0,06;0,63;0,27;18;0,17;0,11;2,56;19;0,2;7,85;0,5;23;5,8
136;SMP;IBV553;RB-0237;0,08;0,77;2;0,05;5;49;0,5;0,16;0,07;0,09;48,94;11;42;1,04;28,1;4,2;4,1;0,2;0,56;0,04;0,05;0,09;24,8;7;0,06;0,13;970;1,13;0,02;3,19;14,9;189;38,4;9,8;0,05;0,005;0,35;5,4;0,5;1,4;10,9;0,025;0,38;0,17;10;1,17;0,09;1,15;69;0,2;5,4;0,5;76;14,2
137;SMP;IBV554;RB-0239;0,09;1,24;22;0,05;5;80;1;0,17;0,05;0,12;42,13;19,7;59;2,08;40,7;4,88;6,4;0,2;0,32;0,005;0,05;0,15;18,8;15;0,09;0,14;1374;2,55;0,005;2,31;23,4;265;45,5;13,6;0,05;0,005;2,03;8,7;0,5;1,5;5,8;0,06;0,38;0,09;12,2;0,38;0,15;1,55;52;0,2;6,12;0,7;100;8,7
138;SMP;IBV555;RB-0240;0,01;0,81;2;0,05;5;49;0,8;0,18;0,02;0,07;44,14;5;27;1,51;9,9;1,95;3,4;0,2;0,46;0,02;0,02;0,14;21,9;11;0,1;0,05;573;1,29;0,04;4,17;12,8;151;8,7;13,8;0,05;0,005;0,11;2,4;0,5;1,8;6;0,025;0,34;0,025;10,7;0,24;0,11;2,05;17;0,2;5,74;0,7;38;14,7
139;SMP;IBV556;RB-0243;0,005;0,46;4;0,05;5;17;0,4;0,23;0,01;0,15;19,84;8,6;26;0,44;31,3;3,71;3,3;0,1;0,39;0,02;0,03;0,06;7,7;3;0,04;0,02;820;2;0,02;3,07;10,6;166;9,7;3,8;0,05;0,005;0,12;4,2;0,5;0,8;1,7;0,025;0,17;0,025;4,7;1,01;0,05;0,6;35;0,2;2,47;0,3;64;12,7
140;SMP;IBV557;RB-0244;0,02;1,08;4;0,05;5;61;0,7;0,09;0,08;0,3;79,05;12,6;47;1,23;31,2;4,11;5,9;0,3;0,35;0,005;0,04;0,11;38,9;9;0,11;0,15;779;1,16;0,005;2,54;18,3;376;21,8;12,7;0,05;0,02;0,23;7,4;0,5;1,2;12;0,025;0,57;0,025;13,7;0,42;0,12;2,3;87;0,05;8,97;0,7;59;13,5
141;SMP;IBV558;RB-0248;0,22;0,76;9;0,05;5;27;0,7;0,2;0,02;0,04;44,52;16,7;42;1,17;48,8;6,28;6,9;0,2;0,49;0,02;0,05;0,09;19,3;6;0,07;0,06;1046;4,89;0,005;4,11;20,3;247;12;8,2;0,05;0,005;0,64;7,9;0,5;1,5;3,7;0,09;0,34;0,14;3,8;1,08;0,08;0,91;218;0,2;4,58;0,5;105;19
142;SMP;IBV559;RB-0254;0,04;0,93;3;0,05;5;60;0,9;0,24;0,04;0,02;28,18;8,5;29;3,36;12,9;1,73;3,2;0,05;0,11;0,04;0,01;0,21;13,3;19;0,05;0,18;461;1,55;0,005;1,64;18,4;204;8,4;17,9;0,05;0,03;0,48;2,3;0,5;0,4;6,3;0,025;0,25;0,025;4,3;0,07;0,12;1,25;22;0,05;4,42;0,4;41;4,4
143;SMP;IBV895;RB-0015;0,08;0,48;0,5;0,05;5;2,5;0,4;0,15;0,01;0,04;19,41;1;3;0,49;3,7;1,43;5,3;0,05;0,39;0,005;0,06;0,03;6,2;2;;0,01;73;0,95;0,005;11,22;3,1;25;11,1;4,3;0,05;0,005;0,06;1,3;0,5;3;1,4;0,025;;0,025;18,4;0,03;;1,12;6;0,3;16,64;;27;13,7
144;SMP;IBV896;RB-0047;0,04;1,34;0,5;0,05;5;60;0,7;0,15;0,03;0,03;51,41;7,9;24;1,75;9,6;2,48;8,2;0,05;0,13;0,02;0,05;0,16;24,2;9;;0,17;296;1,11;0,005;4,18;13,6;147;13,2;27,8;0,05;0,005;0,07;5;0,5;2,4;4,4;0,025;;0,025;12,1;0,08;;1,46;26;0,05;13,21;;48;4,1
145;SMP;IBV897;RB-0052;0,03;0,78;0,5;0,05;5;43;0,5;0,07;0,04;0,01;31,63;5;16;1,24;6,4;1,39;5;0,05;0,07;0,02;0,03;0,11;17,2;6;;0,13;143;0,58;0,005;2,56;9,5;98;8;19,9;0,05;0,005;0,025;3,2;0,5;1,8;5,7;0,025;;0,025;9,4;0,06;;1,09;19;0,05;8,44;;33;1,8
146;SMP;IBV898;RB-0054;0,03;0,98;0,5;0,05;5;76;0,6;0,06;0,06;0,06;32,72;4,4;10;1,69;7,5;1,48;5,2;0,05;0,025;0,005;0,01;0,22;18,8;8;;0,22;164;0,45;0,005;3,2;7,9;162;8,7;30,8;0,05;0,005;0,16;3,5;0,5;1,4;9,5;0,025;;0,15;8,6;0,07;;1,65;23;0,05;8,89;;40;0,6
147;SMP;IBV899;RB-0055;0,03;1,08;0,5;0,05;5;46;0,8;0,1;0,05;0,04;34,31;3,8;12;1,42;5,8;1,69;6;0,05;0,14;0,04;0,01;0,14;17,8;7;;0,14;153;0,6;0,005;5,64;5,9;93;12,8;26;0,05;0,005;0,06;2,9;0,5;2,3;9,8;0,025;;0,025;11,5;0,06;;1,96;19;0,1;12,66;;45;3
148;SMP;IBV900;RB-0058;0,01;0,87;0,5;0,05;5;50;0,7;0,07;0,07;0,03;25,2;5,5;18;0,97;7;1,49;3,9;0,05;0,025;0,02;0,01;0,14;15,3;6;;0,21;168;0,27;0,005;2,18;8,6;111;8,5;22,1;0,05;0,005;0,025;3,1;0,5;1,6;12;0,025;;0,025;7,1;0,07;;0,95;25;0,05;8,42;;39;1
149;SMP;IBV902;RB-0065;0,04;0,22;0,5;0,05;5;11;0,1;0,03;0,02;0,005;6,78;2,4;9;0,3;4,6;0,81;1,5;0,05;0,07;0,005;0,01;0,03;3,3;2;;0,03;96;0,1;0,005;1,34;4,9;25;3,7;2,7;0,05;0,005;0,025;1,6;0,5;0,7;3,2;0,025;;0,025;1,7;0,1;;0,27;24;0,05;1,31;;11;2,3
150;SMP;IBV903;RB-0069;0,02;1,15;0,5;0,05;5;82;0,6;0,1;0,16;0,02;34,34;7,7;33;0,91;10,4;2,13;4,5;0,05;0,09;0,01;0,01;0,2;18,8;7;;0,24;253;0,64;0,02;2,32;17,6;236;10,2;21,4;0,05;0,005;0,07;4;0,5;1,8;31;0,025;;0,025;6,2;0,08;;1,21;28;0,05;8,62;;38;2,1
151;SMP;IBV904;RB-0070;0,02;0,79;0,5;0,05;5;73;0,6;0,06;0,14;0,04;33,77;4,7;24;0,63;6,4;1,26;2,9;0,05;0,025;0,005;0,01;0,14;19,8;5;;0,21;140;0,23;0,005;2,66;13,6;408;7,8;17,1;0,05;0,005;0,025;2,7;0,5;1,6;21;0,025;;0,025;5,6;0,07;;0,8;22;0,05;6,14;;32;0,6
152;SMP;IBV905;RB-0074;0,02;0,72;0,5;0,05;5;42;0,3;0,09;0,04;0,005;24,73;4,9;18;0,93;7,2;1,29;3,2;0,05;0,025;0,005;0,01;0,13;13,7;6;;0,15;151;0,27;0,005;1,78;10,5;91;7,4;16,8;0,05;0,005;0,025;2,6;0,5;0,9;6,4;0,025;;0,025;6,7;0,05;;1,16;18;0,05;5,28;;25;0,9
153;SMP;IBV906;RB-0075;0,02;1;0,5;0,3;5;66;0,6;0,12;0,11;0,06;41,31;8,3;33;0,99;9,7;1,71;4,5;0,05;0,07;0,02;0,04;0,17;23;6;;0,25;193;0,34;0,005;1,66;19,4;338;10,1;25,2;0,05;0,005;0,05;4,2;0,5;1,4;17;0,025;;0,08;6,9;0,06;;1,53;29;0,05;8,77;;40;0,6
154;SMP;IBV907;RB-0082;0,04;1,37;0,5;0,05;5;128;0,8;0,08;0,37;0,04;73,02;9,9;54;0,97;11;2,97;5,4;0,05;0,09;0,03;0,02;0,34;43;9;;0,36;342;0,27;0,04;4;30,2;530;12,6;36,7;0,05;0,01;0,08;4,8;0,5;1,8;76,6;0,025;;0,025;7,7;0,12;;0,55;35;0,05;12,37;;50;2,7
155;SMP;IBV908;RB-0085;0,01;0,75;0,5;0,05;5;49;0,5;0,06;0,07;0,01;31,55;7,5;33;0,87;8;1,36;3,1;0,05;0,025;0,02;0,01;0,14;17,1;6;;0,2;170;0,18;0,005;1,27;18,3;170;7,5;17,2;0,05;0,005;0,025;3;0,5;1,2;10,7;0,025;;0,025;5,5;0,06;;0,88;22;0,05;5,79;;28;0,9
156;SMP;IBV910;RB-0086;0,03;0,6;0,5;0,05;5;32;0,5;0,1;0,15;0,03;25,86;5,1;31;0,7;7,9;1,47;2,9;0,05;0,2;0,02;0,01;0,1;12,6;4;;0,18;135;0,4;0,01;2,21;15,6;268;8;13,5;0,05;0,005;0,025;2,5;0,5;1,2;20,7;0,025;;0,025;7,7;0,07;;1,03;22;0,05;5,73;;24;4,4
157;SMP;IBV911;RB-0087;0,04;0,61;0,5;0,05;5;34;0,3;0,09;0,14;0,02;24,92;5;32;0,66;7,7;1,51;2,8;0,05;0,17;0,005;0,01;0,1;11,8;5;;0,19;137;0,34;0,01;2,02;14,6;293;7,6;13;0,05;0,005;0,025;2,5;0,5;1,4;19,9;0,025;;0,025;7,3;0,07;;0,97;22;0,05;5,48;;25;4,5
158;SMP;IBV912;RB-0090;0,13;1,02;0,5;0,05;5;57;0,9;0,14;0,09;0,03;29,41;4,8;36;1,65;7;1,63;5,2;0,05;0,92;0,03;0,04;0,16;13,3;15;;0,19;184;0,68;0,01;5,34;17,3;140;11,6;30,6;0,05;0,005;0,07;1,8;1;4,4;17,5;0,025;;0,025;19,1;0,07;;2,96;21;0,2;12,61;;27;18,7
159;SMP;IBV913;RB-0094;0,05;0,6;0,5;0,05;5;38;0,4;0,09;0,15;0,02;26,06;4,9;33;0,69;9,3;1,51;3,3;0,05;0,24;0,02;0,03;0,1;12,6;5;;0,18;131;0,5;0,01;2,59;13,4;288;7,9;14,8;0,05;0,005;0,025;1,8;0,5;1,3;21,1;0,025;;0,025;5,9;0,07;;1,14;23;0,05;6,32;;25;4,8
160;SMP;IBV914;RB-0095;0,21;1,52;1;0,05;5;33;1,2;0,2;0,05;0,04;41,65;2,4;11;2,93;4;1,88;9,3;0,05;2,72;0,04;0,01;0,16;10,9;28;;0,06;229;1,12;0,02;14,32;8,4;90;27,3;47,7;0,05;0,005;0,09;2;0,5;4,2;6,3;0,025;;0,025;55,6;0,03;;5,64;13;0,8;36,62;;34;46,6
161;SMP;IBV915;RB-0098;0,13;1,38;2;0,05;5;23;0,8;0,17;0,04;0,005;40,45;3,7;17;2,07;5;1,77;8,3;0,05;1,9;0,04;0,03;0,08;7,2;19;;0,07;203;0,82;0,005;6,29;7,5;112;24,1;25,3;0,05;0,005;0,08;2,8;0,5;3,9;5,1;0,025;;0,025;48,1;0,02;;3,89;24;0,3;25,26;;30;42
162;SMP;IBV916;RB-0102;0,21;0,78;0,5;0,05;5;30;0,5;0,18;0,04;0,02;13,5;2,1;11;1,37;4,2;1,61;3,7;0,05;3,39;0,005;0,01;0,18;5,9;10;;0,09;200;0,38;0,02;6;6,2;61;7,5;24,9;0,05;0,005;0,025;1,6;0,5;1,8;7,3;0,025;;0,025;28,5;0,05;;3,7;10;0,7;13,44;;21;59,2
163;SMP;IBV917;RB-0103;0,02;0,34;0,5;0,05;5;26;0,2;0,06;0,03;0,02;15,09;5,2;15;0,43;7,6;1,35;1,6;0,05;0,025;0,005;0,01;0,05;6,4;4;;0,06;141;0,22;0,005;0,83;10;107;5,9;5,2;0,05;0,005;0,05;1,6;0,5;0,6;4;0,025;;0,025;3,6;0,05;;0,35;15;0,05;2,6;;21;1,4
164;SMP;IBV918;RB-0104;0,04;1,09;0,5;0,05;5;78;0,6;0,08;0,14;0,02;22,8;9,4;69;1,26;11,3;2,37;4,5;0,05;0,11;0,005;0,03;0,17;11,1;6;;0,31;303;0,25;0,03;2,45;38,7;162;15,2;18,8;0,05;0,005;0,05;4;0,5;2,4;20,2;0,025;;0,025;4,1;0,14;;0,78;39;0,05;4,33;;45;3,8
165;SMP;IBV919;RB-0107;0,08;0,74;0,5;0,05;5;32;0,7;0,15;0,03;0,02;22,68;4,3;13;1,67;6,6;1,49;4,3;0,05;1,01;0,02;0,01;0,16;8,6;13;;0,1;216;0,51;0,005;5,96;9,3;53;12,1;27,1;0,05;0,005;0,025;2,2;0,5;1,7;4,3;0,025;;0,025;23,5;0,06;;2,47;13;0,2;14,11;;32;17,4
166;SMP;IBV920;RB-0108;0,02;0,53;0,5;0,05;5;48;0,2;0,02;0,08;0,01;12,8;5,6;31;0,46;7,8;1,47;2,2;0,05;0,1;0,01;0,01;0,08;6,6;3;;0,12;190;0,34;0,02;1,29;16,9;51;7,2;6,8;0,05;0,005;0,05;2,2;0,5;1;12,3;0,025;;0,025;3,1;0,15;;0,46;29;0,05;2,63;;17;2,9
167;SMP;IBV922;RB-0121;0,02;0,75;0,5;0,05;5;47;0,3;0,08;0,05;0,005;23,68;5,2;25;0,81;6,2;1,3;2,9;0,05;0,05;0,005;0,01;0,13;13,2;6;;0,17;160;0,25;0,005;1,54;12,8;107;7;14,6;0,05;0,005;0,025;2,5;0,5;0,9;8,4;0,025;;0,025;5,6;0,06;;0,95;19;0,05;5,48;;26;1,6
168;SMP;IBV923;RB-0135;0,03;1,05;2;0,05;5;79;0,4;0,21;0,04;0,02;28,85;8;31;1,34;11,2;3,19;4;0,05;0,08;0,03;0,01;0,18;13,3;6;;0,11;497;0,34;0,01;3,33;16,2;140;7,7;15;0,05;0,005;0,18;3,9;0,5;0,7;7;0,025;;0,025;4,8;0,1;;0,48;33;0,05;3,24;;32;3,7
169;SMP;IBV924;RB-0138;0,03;1;5;0,05;5;70;0,7;0,16;0,03;0,03;28,6;8,9;24;3,27;12,3;2,43;3,8;0,05;0,025;0,005;0,01;0,25;13,6;15;;0,2;517;0,45;0,005;1,08;16;152;7;25,7;0,05;0,005;0,1;3,6;0,5;1;4,6;0,025;;0,025;4,8;0,07;;0,67;27;0,05;5,01;;47;0,25
170;SMP;IBV925;RB-0140;0,02;0,62;4;0,05;5;52;0,6;0,1;0,02;0,005;28,96;5,9;20;2,05;7,8;1,94;2,5;0,05;0,025;0,005;0,01;0,15;14;9;;0,12;334;0,16;0,005;1,44;11,1;148;4,7;15,9;0,05;0,005;0,07;2,3;0,5;0,5;2,9;0,025;;0,025;5,5;0,05;;0,64;20;0,05;3,68;;35;0,7
171;SMP;IBV926;RB-0143;0,03;0,76;10;0,3;5;62;0,7;0,22;0,04;0,07;43,28;6,5;27;1,64;11,5;2,87;3,3;0,05;0,025;0,05;0,01;0,14;19,2;7;;0,07;467;0,42;0,005;2,53;13,4;286;9,7;17,2;0,05;0,02;0,16;2,8;0,5;0,8;5,4;0,025;;0,08;8,4;0,03;;1,01;23;0,2;5,08;;43;0,25
172;SMP;IBV927;RB-0144;0,07;0,56;0,5;0,05;5;109;0,3;0,08;0,23;0,04;30,45;13,8;158;0,82;18,2;2,96;3,7;0,05;0,15;0,005;0,03;0,07;15,4;3;;0,18;625;0,28;0,005;1,85;44,3;585;8,4;10,8;0,05;0,005;0,05;5,6;0,5;1,2;26,5;0,025;;0,025;5,5;0,2;;0,53;91;0,05;4,38;;50;5,7
173;SMP;IBV928;RB-0145;0,05;2,05;3;0,05;5;189;1,6;0,41;0,19;0,08;75,14;17,9;69;3,87;30,4;5,78;10,6;0,05;0,025;0,09;0,04;0,26;35,4;19;;0,41;818;0,6;0,005;1,98;36;3069;20,7;41,6;0,05;0,1;0,09;12,2;0,5;1,8;35,3;0,025;;0,025;9,3;0,08;;1,63;78;0,1;17,67;;77;0,7
174;SMP;IBV929;RB-0146;0,05;1,02;3;0,05;5;64;0,6;0,68;0,07;0,11;39,07;13,5;44;1,57;19,4;4,62;7,1;0,05;0,025;0,08;0,03;0,07;14,6;5;;0,11;340;0,56;0,005;0,93;17,5;628;16,1;12,6;0,05;0,08;0,11;7,1;0,5;2;8,3;0,025;;0,025;6,3;0,03;;0,92;60;0,1;6,86;;49;0,25
175;SMP;IBV930;RB-0147;0,04;1,08;0,5;0,05;5;86;0,7;0,11;0,86;0,04;68,18;11,8;35;2,27;13,5;2,87;4,5;0,05;0,09;0,005;0,03;0,24;35,1;12;;0,29;443;0,21;0,02;2,45;22,1;3671;8,4;28;0,05;0,005;0,025;5,9;0,5;1,2;104;0,025;;0,025;8,4;0,09;;1,24;39;0,1;11,06;;46;2,9
176;SMP;IBV931;RB-0148;0,05;0,5;0,5;0,05;5;108;0,3;0,08;0,25;0,02;28,3;12;189;0,68;14,6;3,32;3,3;0,05;0,15;0,01;0,01;0,07;14,2;3;;0,17;527;0,22;0,005;1,85;34;610;7,2;8,8;0,05;0,005;0,31;4,4;0,5;1,6;26,2;0,025;;0,025;5,3;0,28;;0,48;119;0,05;3,86;;59;6,8
177;SMP;IBV932;RB-0152;0,16;0,67;0,5;0,05;5;66;0,3;0,06;0,22;0,02;46,71;5,8;27;1,16;6,9;1,58;2,5;0,05;0,1;0,02;0,01;0,13;25,2;7;;0,16;234;0,19;0,005;1,13;11,9;1086;6,2;14,2;0,05;0,005;0,025;2,6;0,5;0,9;33,8;0,025;;0,025;10,2;0,09;;1,27;23;0,05;6,87;;31;3,3
178;SMP;IBV933;RB-0153;0,01;0,56;0,5;0,05;5;32;0,4;0,38;0,02;0,005;33,03;4,2;31;1,03;8,2;2,87;3,1;0,05;0,025;0,005;0,01;0,12;16,2;3;;0,05;296;0,17;0,005;2,15;10,8;118;5,5;9,7;0,05;0,005;0,06;3,7;0,5;0,6;3,7;0,025;;0,025;6,1;0,11;;0,61;45;0,05;4,09;;17;1,4
179;SMP;IBV934;RB-0154;0,02;0,61;0,5;0,05;5;41;0,4;0,07;0,06;0,005;39,37;5,3;20;1,09;7;1,67;2,3;0,05;0,07;0,005;0,01;0,12;19,4;6;;0,11;248;0,32;0,005;1,09;8,4;253;6,9;10,7;0,05;0,005;0,025;2,3;0,5;0,8;8,3;0,025;;0,025;6,7;0,07;;0,91;21;0,05;5,06;;25;2,6
180;SMP;IBV935;RB-0155;0,07;0,7;2;0,05;5;42;0,2;0,13;0,83;0,03;30,13;4,6;26;0,97;16;2,26;3,5;0,05;0,025;0,12;0,01;0,08;15,6;4;;0,25;229;0,85;0,01;3,19;9,6;1072;12,4;6,6;0,05;0,12;0,19;3,4;0,5;2,4;103;0,025;;0,025;5,5;0,07;;0,9;36;0,05;4,93;;34;1,8
181;SMP;IBV936;RB-0159;0,04;0,98;3;0,05;5;105;0,7;0,15;0,05;0,02;46,41;13,1;43;3,2;17,8;3,24;4,5;0,05;0,06;0,01;0,01;0,31;22;14;;0,24;779;0,38;0,005;0,95;27,8;235;9,3;36,2;0,05;0,005;0,09;4,6;0,5;1;7;0,025;;0,025;7,6;0,1;;0,91;44;0,05;6,52;;49;1,8
182;SMP;IBV937;RB-0162;0,17;2,28;0,5;0,05;5;511;1,1;0,11;2,23;0,26;129,06;94,2;560;1;111;14,07;13,2;0,2;0,76;0,09;0,09;0,13;64,8;5;;0,98;3519;0,48;0,02;3,32;239;4416;23;9,2;0,05;0,12;0,07;34,8;0,5;1,9;583;0,025;;0,025;8,9;0,84;;1,65;409;0,05;20,27;;125;23
183;SMP;IBV938;RB-0170;0,02;0,54;0,5;0,05;5;70;0,4;0,04;0,07;0,01;204,52;10;134;0,94;7,4;2,05;2,4;0,05;0,12;0,005;0,01;0,1;160,8;6;;0,17;647;0,19;0,005;1,02;28,7;305;4,7;10,7;0,05;0,005;0,025;2,7;0,5;0,8;8,4;0,025;;0,025;44,5;0,15;;5,23;42;0,05;14,09;;36;3,2
184;SMP;IBV939;RB-0172;0,01;0,15;0,5;0,05;5;10;0,1;0,03;0,01;0,005;25,24;1,6;8;0,47;2,9;0,67;0,9;0,05;0,025;0,005;0,01;0,03;13,1;1;;0,01;123;0,3;0,005;0,54;2,8;25;2;2,6;0,05;0,005;0,025;0,8;0,5;0,6;1,3;0,025;;0,025;5,4;0,03;;0,46;5;0,05;1,84;;7;0,9
185;SMP;IBV940;RB-0179;0,04;0,53;2;0,05;5;70;0,4;0,12;0,17;0,02;101,84;7,7;32;0,94;11,5;2,24;2,6;0,05;0,09;0,005;0,01;0,09;51,9;3;;0,12;1208;0,26;0,01;2,14;15,1;497;6,8;8,7;0,05;0,005;0,06;3,3;0,5;0,7;21,9;0,025;;0,025;20,3;0,1;;2,34;38;0,05;8,07;;22;3,6
186;SMP;IBV941;RB-0207;0,05;0,57;0,5;0,05;5;39;0,4;0,07;0,04;0,01;41,58;3,4;15;1,15;9,8;1,37;2,2;0,05;0,025;0,11;0,01;0,16;21,3;4;;0,12;432;0,39;0,005;1,24;7,8;88;4,6;18,2;0,05;0,005;0,07;3,1;0,5;0,6;4,9;0,025;;0,025;6,7;0,18;;0,99;15;0,05;3,76;;21;0,7
187;SMP;IBV942;RB-0235;0,06;0,98;3;0,05;5;61;0,6;0,14;0,07;0,02;190,7;8,5;24;1,11;12,9;3,24;4,5;0,05;0,2;0,005;0,02;0,14;108,1;5;;0,12;572;0,33;0,01;1,74;11,3;279;23,8;13,2;0,05;0,005;0,33;4,9;0,5;1,4;8,9;0,025;;0,025;38,9;0,17;;5,05;44;0,05;14,56;;34;7,1
188;SMP;IBV943;RB-0241;0,12;0,72;3;0,05;5;35;0,4;0,28;0,19;0,03;52,74;12,6;35;0,88;20;3,88;3,4;0,05;0,63;0,005;0,01;0,09;26,5;6;;0,13;588;0,43;0,005;1,64;16,5;151;21,2;7,2;0,05;0,005;0,61;5,5;0,5;1,8;10,6;0,025;;0,025;12,6;0,51;;1,25;91;0,05;5,48;;59;17,4
189;SMP;IBV944;RB-0245;0,07;1,12;7;0,3;5;131;0,5;0,21;0,2;0,09;49,3;29;46;1,03;41,2;5,03;5;0,05;0,12;0,04;0,04;0,13;20,8;7;;0,19;2047;0,39;0,005;0,78;29,7;279;21,1;11,8;0,05;0,01;0,46;9,6;0,5;0,7;10,8;0,025;;0,07;5,4;0,13;;0,7;87;0,05;5,77;;91;4,3
190;SMP;IBX183;RB-0003;0,005;0,45;1;0,05;5;13;0,3;0,11;0,02;0,01;21,33;1,2;5;0,9;3,1;0,89;4,3;0,05;0,09;0,05;0,03;0,03;7,2;4;;0,03;38;0,62;0,005;3,41;1,9;62;15,6;11,1;0,05;0,005;0,025;0,8;0,5;1,4;2,5;0,025;;0,025;13,8;0,02;;0,77;8;0,1;8,53;;23;2,7
191;SMP;IBX184;RB-0004;0,02;1,05;0,5;0,05;5;80;0,7;0,06;0,06;0,04;56,83;9,2;44;1,22;9,8;2,37;4,8;0,05;0,025;0,02;0,02;0,27;33,3;9;;0,33;232;0,47;0,005;1,27;14,8;334;12,1;32;0,05;0,005;0,025;3;0,5;1;8,9;0,025;;0,11;9;0,08;;1,28;46;0,05;8,72;;46;0,25
192;SMP;IBX186;RB-0010;0,005;0,32;0,5;0,05;5;15;0,3;0,07;0,01;0,03;16,14;1,2;8;0,63;2,5;0,72;2,7;0,05;0,08;0,02;0,02;0,02;5,1;3;;0,05;39;0,53;0,005;2,57;3;105;10,8;5,5;0,05;0,005;0,025;0,7;0,5;1,2;2,3;0,025;;0,025;5,7;0,03;;0,39;11;0,05;5,02;;17;2,7
193;SMP;IBX187;RB-0040;0,005;0,96;0,5;0,05;5;84;0,5;0,07;0,03;0,01;27,88;8,2;13;1,1;10,8;1,85;3,9;0,05;0,025;0,005;0,01;0,31;14,2;10;;0,36;277;0,35;0,005;0,96;5,8;104;7,3;25,5;0,05;0,005;0,025;2,6;0,5;1;6,1;0,025;;0,025;4,7;0,08;;1,14;36;0,05;5,79;;34;0,25
194;SMP;IBX188;RB-0046;0,005;0,4;0,5;0,05;5;31;0,3;0,03;0,02;0,01;16,86;3,5;29;0,47;4,1;0,98;2,2;0,05;0,025;0,01;0,01;0,07;9,7;4;;0,12;75;0,17;0,005;1,46;9,7;76;7,3;9,1;0,05;0,005;0,025;1,1;0,5;0,8;3,1;0,025;;0,025;9,3;0,03;;0,6;14;0,05;4,69;;23;0,5
195;SMP;IBX189;RB-0048;0,005;0,6;0,5;0,05;5;42;0,3;0,1;0,01;0,02;22,59;3,8;16;1,04;5,5;1,22;2,5;0,05;0,025;0,02;0,01;0,14;12,7;7;;0,16;88;0,21;0,005;0,81;5,6;91;6,7;17,5;0,05;0,005;0,025;1,5;0,5;0,5;2,5;0,025;;0,025;8,7;0,04;;1,05;21;0,05;4,45;;24;0,5
196;SMP;IBX190;RB-0049;0,01;0,4;0,5;0,05;5;28;0,2;0,01;0,02;0,01;10,6;3,7;28;0,37;4,5;0,77;1,6;0,05;0,025;0,01;0,01;0,07;6,7;4;;0,17;71;0,1;0,005;0,41;11,8;78;4,9;7,7;0,05;0,005;0,025;1;0,5;0,4;3,5;0,025;;0,025;2,5;0,03;;0,49;12;0,05;2,28;;17;0,25
197;SMP;IBX191;RB-0053;0,02;0,65;0,5;0,05;5;61;0,5;0,06;0,04;0,02;25,91;6,4;17;0,68;7,6;1,69;2,9;0,05;0,025;0,01;0,01;0,17;11,9;5;;0,2;210;0,28;0,005;1,55;7,3;148;10,3;17,3;0,05;0,005;0,025;2,1;2;0,7;6,4;0,025;;0,05;10;0,06;;1,86;34;0,05;6,47;;28;0,25
198;SMP;IBX193;RB-0059;0,02;0,18;0,5;0,05;5;16;0,1;0,03;0,01;0,005;5,69;1,9;10;0,26;1,9;0,42;0,8;0,05;0,025;0,005;0,01;0,03;3,2;2;;0,05;64;0,07;0,005;0,44;3,1;53;3,5;3,6;0,05;0,005;0,025;0,5;0,5;0,4;1,8;0,025;;0,31;1,6;0,01;;0,62;6;0,05;1,46;;9;0,25
199;SMP;IBX194;RB-0076;0,02;0,26;0,5;0,05;5;36;0,2;0,03;0,01;0,06;12;5,2;15;0,42;5,4;0,88;1,4;0,05;0,025;0,005;0,01;0,04;6;3;;0,07;183;0,11;0,005;0,37;7,5;72;5,9;5,7;0,05;0,005;0,025;1;0,5;0,4;2,9;0,025;;0,26;2,1;0,03;;0,39;21;0,05;2,19;;19;0,25
200;SMP;IBX195;RB-0081;0,02;0,45;0,5;0,05;5;51;0,3;0,07;0,04;0,04;17,66;6;19;0,63;9,4;1,37;2,5;0,05;0,025;0,02;0,01;0,05;8,1;5;;0,11;147;0,21;0,005;0,78;9,5;178;10,1;7,9;0,05;0,005;0,025;1,7;0,5;0,8;5,9;0,025;;0,45;2,8;0,03;;0,63;28;0,05;3,99;;27;0,25
201;SMP;IBX196;RB-0089;0,02;0,36;1;0,05;5;83;0,2;0,04;0,04;0,01;16,63;5,5;27;0,42;5,5;1,01;1,8;0,05;0,025;0,03;0,01;0,05;8,5;4;;0,12;159;0,1;0,005;0,44;10,6;135;8,4;5,5;0,05;0,005;0,025;1,2;0,5;0,6;6,2;0,025;;0,025;2,2;0,03;;0,78;20;0,05;2,65;;18;0,25
202;SMP;IBX197;RB-0100;0,005;0,63;2;0,05;5;21;0,6;0,15;0,03;0,01;23,22;1;8;1,53;1,9;1,06;5,6;0,05;0,4;0,08;0,01;0,05;7,1;14;;0,03;94;0,61;0,005;7,04;2;93;13,5;21,7;0,05;0,005;0,05;0,9;0,5;2,5;4,1;0,025;;0,025;26,3;0,01;;2,1;13;0,3;17,93;;17;6,5
203;SMP;IBX198;RB-0113;0,02;0,37;0,5;0,05;5;17;0,5;0,09;0,02;0,01;11,67;0,9;5;1,21;3;0,55;2,9;0,05;0,55;0,06;0,01;0,04;3,4;13;;0,01;54;0,41;0,005;2,58;1,2;64;9,3;18,4;0,05;0,005;0,11;0,6;0,5;1,2;2,3;0,025;;0,025;28,9;0,01;;2,45;10;0,2;10,37;;10;8,8
204;SMP;IBX199;RB-0115;0,005;0,66;0,5;0,05;5;58;0,3;0,07;0,05;0,02;27,75;5,7;27;0,81;6,4;1,33;3;0,05;0,025;0,02;0,01;0,12;15;6;;0,18;214;0,21;0,005;1,27;10,5;206;8,3;16;0,05;0,005;0,025;1,7;0,5;0,9;7,6;0,025;;0,025;10,9;0,04;;1,24;23;0,05;6,13;;26;0,8
205;SMP;IBX200;RB-0118;0,01;0,35;0,5;0,05;5;40;0,2;0,06;0,03;0,02;18,37;7,6;18;0,39;7,5;1,09;1,7;0,05;0,025;0,02;0,01;0,04;8;4;;0,07;273;0,15;0,005;0,38;6,9;107;7,5;4,7;0,05;0,005;0,025;1,2;0,5;0,4;4,2;0,025;;0,025;5,1;0,02;;0,44;15;0,05;2,64;;20;0,25
206;SMP;IBX201;RB-0132;0,03;0,5;2;0,05;5;50;0,7;1,3;0,03;0,06;49,35;12,7;19;1,09;19,3;3,33;4,1;0,05;0,025;0,03;0,01;0,06;10;5;;0,06;588;0,12;0,005;0,54;8,6;301;11,9;7,2;0,05;0,005;0,1;2,1;0,5;0,5;3,8;0,025;;0,025;8;0,03;;0,55;28;0,05;4,77;;42;0,25
207;SMP;IBX202;RB-0149;0,02;0,67;2;0,05;5;67;0,5;0,22;0,04;0,04;39,34;7,5;21;1,45;11,3;2,21;3,3;0,05;0,025;0,03;0,01;0,09;18,3;9;;0,16;249;0,17;0,005;0,66;8,4;308;9,3;11,4;0,05;0,005;0,025;2;0,5;0,6;4,5;0,025;;0,025;6,5;0,04;;0,77;26;0,05;5,01;;48;0,25
208;SMP;IBX203;RB-0150;0,02;0,78;0,5;0,05;5;88;0,4;0,11;0,13;0,04;73,45;8,2;29;1,57;9,4;2,14;3,8;0,1;0,025;0,03;0,01;0,15;46;10;;0,32;287;0,41;0,005;0,87;9,8;466;8,2;19,4;0,05;0,005;0,025;2,4;2;1,1;11,9;0,025;;0,025;17,7;0,08;;1,46;45;0,05;6,53;;42;0,25
209;SMP;IBX204;RB-0156;0,02;1,28;0,5;0,05;5;154;0,7;0,17;0,1;0,05;37,44;11,7;38;3,43;19,2;3,32;5,2;0,1;0,025;0,02;0,02;0,4;19;23;;0,45;541;0,11;0,005;1,07;17,9;274;9,5;33,6;0,05;0,005;0,06;4,1;0,5;0,9;7,2;0,025;;0,025;6,7;0,12;;0,88;49;0,1;5,99;;68;0,25
210;SMP;IBX205;RB-0158;0,02;0,82;0,5;0,05;5;92;0,5;0,14;0,06;0,04;40,78;9,3;29;2,29;12,6;2,4;3,8;0,1;0,025;0,03;0,01;0,17;20,3;12;;0,24;573;0,17;0,005;0,89;10,7;275;9,2;25,3;0,05;0,005;0,025;2,7;0,5;0,7;7,3;0,025;;0,025;8,3;0,06;;1,51;34;0,05;5,53;;53;0,25
211;SMP;IBX206;RB-0160;0,02;1,12;0,5;0,05;5;137;0,8;0,19;0,11;0,07;35,64;11,2;34;2,76;18,5;3,27;4,9;0,1;0,025;0,02;0,01;0,3;17,4;19;;0,35;557;0,18;0,005;1,27;15,6;351;9,7;28;0,05;0,005;0,11;3,7;0,5;1;7,6;0,025;;0,025;5,7;0,1;;0,9;54;0,2;6,35;;65;0,25
212;SMP;IBX208;RB-0161;0,02;0,84;7;0,05;5;65;0,9;0,35;0,2;0,08;49,33;13,1;23;2,36;24,6;3,52;4,4;0,1;0,025;0,02;0,02;0,17;22,6;15;;0,28;638;0,24;0,005;0,84;16,4;331;14,1;21,1;0,05;0,005;0,45;3,4;0,5;0,6;4,3;0,025;;0,025;8;0,05;;1,3;39;0,1;8,46;;56;0,6
213;SMP;IBX209;RB-0163;0,03;0,71;2;0,05;5;77;0,6;0,23;0,06;0,01;52,22;7,5;27;2,3;10;1,83;3,6;0,05;0,025;0,01;0,01;0,16;26,7;11;;0,27;379;0,15;0,005;0,93;13;184;8,2;21,3;0,05;0,005;0,025;2,2;1;0,8;7,3;0,025;;0,025;10,5;0,07;;1,78;33;0,05;5,12;;33;1,1
214;SMP;IBX210;RB-0164;0,005;0,55;2;0,05;5;50;0,4;0,19;0,05;0,02;44,67;5,3;15;0,89;6;1,58;2,2;0,05;0,025;0,02;0,01;0,07;24,3;8;;0,17;266;0,13;0,005;0,45;7;195;8,1;9,1;0,05;0,005;0,025;1,1;0,5;0,6;5,4;0,025;;0,025;10,4;0,03;;1,59;18;0,05;3,82;;31;0,25
215;SMP;IBX211;RB-0165;0,005;0,7;3;0,05;5;63;0,5;0,13;0,05;0,04;33,35;9;22;1,7;12,6;2,52;3,3;0,05;0,025;0,02;0,01;0,17;17,2;14;;0,21;399;0,16;0,005;0,93;11,3;211;6,9;19,2;0,05;0,005;0,19;2,2;0,5;0,7;3,1;0,025;;0,025;6,1;0,07;;0,84;39;0,05;4,5;;44;0,25
216;SMP;IBX213;RB-0167;0,02;0,56;6;0,05;5;49;0,4;0,14;0,04;0,03;30,4;8,5;16;1,73;10,2;2,01;2,6;0,05;0,025;0,01;0,01;0,12;15,6;11;;0,16;518;0,13;0,005;0,71;8,9;199;6,3;16,5;0,05;0,005;0,3;1,8;1;0,5;1,9;0,025;;0,025;5,5;0,04;;0,74;21;0,1;3,14;;35;0,25
217;SMP;IBX214;RB-0169;0,02;1,32;6;0,05;5;111;1,3;0,2;0,09;0,09;58,14;132,7;1262;0,61;18,1;13,79;9,3;0,2;0,44;0,11;0,03;0,02;27,6;3;;0,28;1239;0,79;0,005;3,67;1053;595;14,3;4,3;0,05;0,005;0,16;13,5;0,5;1,3;12,5;0,025;;0,025;9,8;0,11;;1,18;93;0,5;6,46;;87;16,7
218;SMP;IBX215;RB-0171;0,02;0,21;0,5;0,05;5;34;0,2;0,03;0,02;0,01;27,49;4,9;43;0,61;3,1;0,82;1,2;0,05;0,025;0,01;0,01;0,03;13,8;3;;0,06;372;0,07;0,005;0,41;11,9;124;3,5;4,9;0,05;0,005;0,025;1,2;0,5;0,4;8,4;0,025;;0,025;4,8;0,02;;0,7;14;0,05;2,06;;19;0,6
219;SMP;IBX216;RB-0174;0,03;0,76;8;0,05;5;63;0,6;0,31;0,08;0,07;41,49;15,3;27;1,64;20,5;3,72;4,4;0,05;0,025;0,06;0,01;0,09;16,7;9;;0,2;1356;0,42;0,005;0,68;17,9;367;14,8;12,3;0,05;0,02;0,33;3;0,5;0,7;4,9;0,025;;0,025;5,8;0,02;;0,95;37;0,1;6,67;;48;0,25
220;SMP;IBX217;RB-0177;0,005;0,49;2;0,05;5;59;0,5;0,17;0,04;0,03;25,42;9;19;1,78;10,5;2,1;2,7;0,05;0,025;0,01;0,01;0,11;10,7;8;;0,14;755;0,15;0,005;0,54;8,6;175;7,6;15;0,05;0,005;0,12;2;0,5;0,5;2,9;0,025;;0,025;4,2;0,03;;0,64;25;0,05;3,77;;34;0,25
221;SMP;IBX218;RB-0180;0,02;0,99;4;0,05;5;93;0,7;0,19;0,1;0,05;45,32;11,6;29;2,3;17,1;3,01;4,4;0,1;0,025;0,04;0,01;0,2;22,3;17;;0,28;510;0,16;0,005;1,18;14,7;322;10,9;22,9;0,05;0,01;0,23;3,2;2;0,8;5,3;0,025;;0,025;6,6;0,07;;1,1;41;0,05;6,81;;58;0,25
222;SMP;IBX219;RB-0182;0,02;0,58;2;0,05;5;96;0,3;0,05;0,05;0,03;55,57;12,9;118;1,31;8,8;1,89;3,1;0,1;0,025;0,01;0,01;0,11;30,7;8;;0,21;592;0,13;0,005;0,93;31;204;5,3;18,7;0,05;0,005;0,025;2,7;1;0,6;6,8;0,025;;0,025;14,4;0,06;;1,91;36;0,05;5,23;;36;1
223;SMP;IBX220;RB-0189;0,02;0,39;0,5;0,05;5;43;0,3;0,06;0,03;0,01;45,02;4,9;17;1,46;4,1;1,02;2,2;0,05;0,025;0,03;0,01;0,09;24,5;6;;0,11;408;0,08;0,005;0,53;6,6;62;4,5;10;0,05;0,005;0,025;1,5;0,5;0,7;3,2;0,025;;0,025;9,3;0,03;;1,77;19;0,05;3,39;;12;0,25
224;SMP;IBX221;RB-0190;0,02;0,09;1;0,05;5;2,5;0,05;0,04;0,11;0,01;2,98;0,7;2;0,18;1,2;0,24;0,5;0,05;0,025;0,03;0,01;0,005;1,4;0,5;;0,03;87;0,08;0,005;0,09;0,7;71;6,8;0,8;0,05;0,005;0,09;0,3;0,5;3,5;1,1;0,025;;0,025;0,7;0,005;;0,025;3;0,05;0,65;;5;0,25
225;SMP;IBX222;RB-0197;0,02;0,72;6;0,05;5;47;0,5;0,21;0,15;0,11;25,22;10,3;21;1,98;21,6;2,66;3,8;0,05;0,025;0,05;0,01;0,11;11,1;8;;0,19;609;0,3;0,005;0,51;11,9;321;10;18,4;0,05;0,02;0,14;3,3;0,5;0,7;5,6;0,025;;0,025;3,1;0,04;;0,67;49;0,1;4,5;;53;0,25
226;SMP;IBX223;RB-0198;0,02;0,77;7;0,05;5;61;0,6;0,21;0,11;0,11;29,32;12;22;2,1;24,9;3,37;4,2;0,05;0,025;0,05;0,01;0,14;13,6;8;;0,2;1016;0,24;0,005;0,55;13,3;313;10,4;20,4;0,05;0,02;0,19;3,5;0,5;0,5;5;0,025;;0,025;4,4;0,04;;0,76;49;0,1;4,99;;59;0,25
227;SMP;IBX224;RB-0217;0,06;1,44;4;0,05;5;153;1,2;0,26;0,1;0,17;37,49;11,6;31;1,92;18,8;2,91;6,5;0,05;0,07;0,1;0,05;0,13;17,5;12;;0,2;644;0,33;0,005;0,74;11;520;21,1;20,2;0,05;0,03;0,18;4,3;2;2,5;24,7;0,025;;0,025;3;0,06;;0,91;55;0,1;8,04;;81;0,25
228;SMP;IBX225;RB-0229;0,03;0,64;16;0,05;5;49;0,7;0,2;0,04;0,09;45,32;22,4;30;1,54;29,1;3,87;5,4;0,05;0,025;0,07;0,01;0,03;17,8;5;;0,06;1047;0,46;0,005;0,58;16,2;338;16,4;7,7;0,05;0,01;0,47;4,8;0,5;0,6;4,3;0,025;;0,025;4,2;0,03;;0,74;53;0,05;5,07;;58;0,25
229;SMP;IBX226;RB-0230;0,02;0,85;7;0,05;5;77;0,9;0,13;0,04;0,08;17;7,3;21;1,8;10,6;1,55;5,4;0,05;0,06;0,03;0,01;0,09;9,5;8;;0,14;231;0,17;0,005;0,95;7,5;230;11,4;19,4;0,05;0,005;0,08;3,6;0,5;1,6;12,4;0,025;;0,025;3,2;0,08;;0,99;41;0,1;4,04;;42;0,6
230;SMP;IBX227;RB-0232;0,06;0,66;36;0,05;5;74;0,6;0,23;0,06;0,11;48,09;21,8;19;1,99;32;4,47;6,1;0,05;0,025;0,07;0,02;0,06;18,4;6;;0,07;1842;0,57;0,005;0,54;15;323;30,7;11,5;0,05;0,01;0,89;6,1;1;0,7;5,4;0,025;;0,025;6,5;0,02;;0,77;59;0,05;4,81;;55;0,6
231;SMP;IBX228;RB-0233;0,06;0,47;42;0,05;5;46;0,8;0,25;0,07;0,2;47,68;18,7;24;1,52;39,8;3,91;4,1;0,05;0,025;0,06;0,02;0,04;21,2;4;;0,04;1016;0,7;0,005;0,52;18,3;369;28,1;9,2;0,05;0,01;2,95;2,8;0,5;1,4;5,7;0,025;;0,025;5,5;0,02;;0,96;25;0,1;4,09;;71;0,25
232;SMP;IBX229;RB-0238;0,2;1,36;73;0,05;5;125;1,9;1,65;0,06;0,3;53,96;31,1;46;6,37;72,9;5,67;9,7;0,1;0,07;0,04;0,05;0,12;19,7;18;;0,23;1482;1,29;0,005;1,85;30,8;455;50,4;40,4;0,05;0,02;3,68;9,5;0,5;2,2;5,5;0,025;;0,025;13,3;0,07;;2,32;75;1,6;12,27;;89;0,7
233;SMP;IBX230;RB-0242;0,04;0,26;27;0,05;5;20;0,3;0,25;0,01;0,06;30,07;10;16;0,83;14,3;2,23;2,4;0,05;0,025;0,03;0,01;0,03;14,4;1;;0,02;398;0,43;0,005;0,45;8,8;216;17,2;5,6;0,05;0,005;1,3;1,9;2;1,3;1,6;0,025;;0,025;3,8;0,01;;0,51;19;0,05;2,28;;34;0,25
234;SMP;IBX231;RB-0246;0,04;0,49;4;0,05;5;37;0,6;0,16;0,04;0,09;30,77;12,4;23;1,19;27,1;2,86;5,1;0,05;0,025;0,06;0,01;0,03;13,2;3;;0,04;309;0,35;0,005;0,45;11,8;283;14,6;5,8;0,05;0,01;0,33;5,1;2;0,8;3,9;0,025;;0,025;3,2;0,04;;0,54;74;0,05;4,73;;46;0,25
235;SMP;IBX232;RB-0247;0,1;0,49;70;0,05;5;35;0,8;0,35;0,04;0,18;51,51;20,8;18;1,3;36,2;4,39;4;0,05;0,025;0,04;0,03;0,03;22,5;3;;0,04;1358;0,99;0,005;0,3;17,1;447;60,8;5,8;0,05;0,005;2,03;2,5;0,5;0,6;4,3;0,025;;0,025;5,8;0,01;;1,21;23;0,2;4,03;;71;0,25
236;SMP;IBX709;RB-0031;0,09;2,86;0,5;0,05;5;138;0,8;0,01;0,18;0,03;51,36;15,9;71;0,75;25;2,74;9,3;0,05;0,21;0,005;0,02;0,34;27,1;7;;0,39;363;0,55;0,04;2,04;48,4;275;10,5;32,1;0,05;0,01;0,08;6,7;0,5;1,3;32,1;0,025;;0,025;7,2;0,2;;0,72;50;0,05;11,59;;43;4,2
237;SMP;IBX710;RB-0033;0,03;3,14;0,5;0,05;5;134;1,2;0,02;0,16;0,04;90,87;15,4;47;1,27;19,1;2,63;10,8;0,05;0,19;0,005;0,01;0,41;50,5;10;;0,42;385;0,6;0,02;1,72;32,6;246;14,2;47,3;0,05;0,005;0,025;5,9;0,5;1,5;29,4;0,025;;0,025;15,5;0,17;;2,23;50;0,05;15,58;;50;5
238;SMP;IBX711;RB-0050;0,31;1,58;0,5;0,05;5;102;0,5;0,01;0,11;0,05;186,59;7,3;58;0,76;18,6;2,28;5,7;0,1;0,31;0,06;0,02;0,15;116,1;5;;0,2;548;0,28;0,01;2,23;22,9;389;3,6;10,8;0,05;0,01;0,07;3,5;0,5;1,2;13,9;0,025;;0,025;28;0,49;;2,28;34;0,05;17,26;;46;5,8
239;SMP;IBX712;RB-0063;0,14;3,45;0,5;0,05;5;147;0,8;0,01;0,15;0,03;46,37;9,8;63;0,56;17,7;2,4;10,1;0,05;0,16;0,11;0,04;0,16;22;5;;0,19;361;0,4;0,02;2,42;33,4;359;6,4;11,8;0,05;0,01;0,06;5,4;0,5;1,4;28,3;0,025;;0,025;7,1;0,21;;1,07;39;2,6;7,45;;53;5,1
240;SMP;IBX713;RB-0067;0,09;1,76;0,5;0,1;5;113;0,6;0,01;0,18;0,04;40,52;11,1;51;0,89;15,3;2,1;5,8;0,05;0,09;0,05;0,01;0,32;24,4;6;;0,42;337;0,4;0,03;1,26;29,6;262;4,4;29,8;0,05;0,005;0,06;3,9;0,5;1,4;39,1;0,025;;0,025;6;0,14;;0,98;34;0,05;9,77;;35;1,7
241;SMP;IBX714;RB-0068;0,07;3,32;0,5;0,05;5;203;0,9;0,01;0,34;0,03;43,68;13,5;87;1,19;21,1;2,78;9,8;0,05;0,25;0,09;0,02;0,55;25,8;10;;0,57;381;0,3;0,1;1,34;47,7;272;7,9;42,5;0,05;0,005;0,08;5,5;0,5;1,7;64,8;0,025;;0,025;5,3;0,19;;1,38;47;0,05;12,74;;48;8
242;SMP;IBX715;RB-0077;0,06;3,83;0,5;0,05;5;158;1,2;0,03;0,16;0,12;131,81;11,5;48;2,92;18,7;2,96;11,6;0,05;0,12;0,05;0,01;0,55;69;20;;0,89;413;0,59;0,04;1,4;25,3;313;5,1;48,7;0,05;0,005;0,06;5,7;0,5;1,9;24,4;0,025;;0,025;20,8;0,13;;2,45;44;0,05;17,72;;71;3,9
243;SMP;IBX717;RB-0079;0,38;4,09;0,5;0,05;5;164;1,6;0,05;0,15;0,19;166,09;13,2;56;2,98;26,7;3,33;12,8;0,2;0,17;0,04;0,04;0,54;89,8;22;;0,91;430;0,68;0,04;1,84;34,4;433;15,3;53,4;0,05;0,02;0,12;6,7;0,5;2,7;21,9;0,025;;0,025;25,8;0,14;;2,99;51;0,05;21,52;;82;3,8
244;SMP;IBX718;RB-0080;0,2;2,98;1;0,05;5;116;1,4;0,13;0,22;0,16;197,59;15,5;46;4,47;27,6;3,72;11,7;0,2;0,08;0,11;0,07;0,34;111,9;20;;0,71;1097;0,69;0,01;1,94;24,1;411;13;43,5;0,05;0,03;0,19;7,4;0,5;1,6;6,7;0,025;;0,025;28,1;0,09;;3,58;57;0,3;26,64;;89;1,3
245;SMP;IBX719;RB-0097;0,18;3,61;0,5;0,05;5;186;2,2;0,31;0,17;0,1;134,06;16,5;45;8,68;30,6;4,28;11,6;0,2;0,1;0,03;0,04;0,8;68,6;47;;0,84;2237;0,96;0,03;2,52;28,4;493;13,2;88,8;0,05;0,02;0,2;6,6;0,5;1,9;11,9;0,025;;0,025;21,9;0,18;;3,4;53;0,2;20,28;;73;0,8
246;SMP;IBX720;RB-0123;0,79;2,4;0,5;0,05;5;139;1;0,08;0,08;0,08;61,77;10;32;2,14;22,7;2,9;7,8;0,05;0,05;0,005;0,01;0,36;28,4;14;;0,18;461;0,47;0,01;1,17;19,8;423;10,4;27,4;0,05;0,02;0,2;4;0,5;1;11,6;0,025;;0,025;8,3;0,06;;1,09;36;0,05;10,48;;67;0,6
247;SMP;IBX721;RB-0130;0,07;2,1;2;0,05;5;116;0,9;0,04;0,05;0,05;42,74;10,7;26;2,12;19,4;2,54;6,3;0,05;0,025;0,05;0,01;0,34;20,5;16;;0,26;485;0,42;0,01;1,25;19;306;6,4;26,6;0,05;0,005;0,13;4,3;0,5;0,8;7,3;0,025;;0,025;6,5;0,09;;0,82;33;0,05;7,71;;57;0,25
248;SMP;IBX722;RB-0133;0,09;2,3;7;0,05;5;138;1;0,08;0,05;0,07;52,48;14,2;33;3,25;26,8;3,31;7,6;0,05;0,025;0,03;0,04;0,41;25,9;23;;0,31;717;0,56;0,02;1,7;25,6;344;8,7;35,5;0,05;0,02;0,14;4,7;0,5;1,1;9;0,025;;0,025;7;0,1;;0,89;40;0,05;11,72;;72;0,25
249;SMP;IBX723;RB-0134;0,08;1,52;2;0,05;5;109;1,1;0,03;0,06;0,06;48,25;9,6;25;1,61;19,3;2,22;6,2;0,05;0,025;0,005;0,02;0,26;22,8;10;;0,15;508;0,67;0,01;0,97;17,8;286;7,5;23,5;0,05;0,01;0,13;3,6;0,5;1;9,2;0,025;;0,025;6,6;0,04;;0,85;26;0,05;7,55;;52;0,9
250;SMP;IBX724;RB-0166;0,08;1,03;3;0,05;5;45;0,5;0,04;0,31;0,09;32,43;4,8;11;1,03;13,9;1,95;3,4;0,05;0,05;0,02;0,02;0,16;15,2;5;;0,21;262;0,58;0,005;1,02;11,3;221;7,2;10;0,05;0,01;0,45;2,1;0,5;0,8;5,2;0,025;;0,025;2,6;0,07;;0,29;20;0,05;4,14;;30;0,8
251;SMP;IBX726;RB-0168;0,11;0,63;1;0,2;5;24;0,6;0,01;3,36;0,12;16,66;3,7;17;0,85;13,8;1,39;2,2;0,05;0,025;0,1;0,01;0,06;8,4;4;;0,83;184;0,74;0,005;0,51;17,7;299;9;4;0,05;0,04;0,42;1,8;0,5;1,1;21,3;0,025;;0,025;1,3;0,02;;0,19;13;0,05;4,87;;32;0,8
252;SMP;IBX942;RB-0005;0,05;1,26;6;0,05;5;91;0,5;0,18;0,05;0,06;51,8;19,9;33;0,76;29,4;3,73;4,8;0,05;0,05;0,03;0,01;0,15;20,9;19;;0,29;1083;0,59;0,005;0,45;26,6;404;12,3;10,4;0,05;0,005;0,41;1,7;0,5;0,6;7,1;0,07;;0,025;6,5;0,03;;0,48;35;0,4;3,81;;65;1,7
253;SMP;IBX943;RB-0006;0,03;0,32;0,5;0,05;5;40;0,05;0,01;0,02;0,01;46,25;1,4;13;0,08;7;0,8;1,1;0,05;0,11;0,005;0,05;0,04;29,1;0,5;;0,01;410;0,26;0,005;3,44;2,5;71;5,8;2;0,05;0,005;0,05;0,7;0,5;0,8;10,2;0,025;;0,025;9,3;0,4;;0,17;17;0,05;1,55;;15;3,7
254;SMP;IBX944;RB-0007;0,02;1,3;0,5;0,05;5;89;0,5;0,1;0,04;0,005;110,02;5,4;23;2,13;9,3;1,28;4,8;0,05;0,06;0,03;0,01;0,28;66,7;12;;0,29;207;0,44;0,01;1,46;11,9;160;5,8;30,9;0,05;0,005;0,08;2,1;0,5;0,9;10,2;0,15;;0,025;20,3;0,08;;2,36;24;0,05;8,98;;30;0,7
255;SMP;IBX945;RB-0008;0,07;1,49;6;0,05;5;57;0,6;0,23;0,03;0,04;60,43;17,3;35;1,37;26,7;3,75;5,8;0,05;0,025;0,17;0,04;0,18;25,4;20;;0,23;781;0,8;0,005;2,4;20;352;14,2;13,7;0,05;0,02;0,42;1,8;1;0,6;6,7;0,025;;0,025;8,7;0,04;;0,64;36;0,2;5,86;;49;1
256;SMP;IBX946;RB-0009;0,06;1,28;1;0,05;5;81;0,5;0,18;0,09;0,04;47,03;13;44;1,12;19,4;2,34;4,9;0,05;0,025;0,03;0,01;0,23;25,2;13;;0,36;407;0,46;0,01;1,53;26,2;271;8,6;20,7;0,05;0,005;0,16;2,5;0,5;0,8;12,5;0,08;;0,025;7,2;0,09;;0,79;34;0,1;6,01;;44;1,2
257;SMP;IBX947;RB-0011;0,08;1,06;0,5;0,05;5;54;0,4;0,15;0,02;0,03;28,2;11,1;23;1,67;19,1;2,27;4;0,05;0,05;0,1;0,05;0,23;12,3;12;;0,21;398;0,32;0,005;1,44;12,6;241;11;20,2;0,05;0,005;0,18;2,1;0,5;0,7;3,6;0,11;;0,025;5,4;0,08;;0,42;28;0,3;5,36;;41;0,7
258;SMP;IBX948;RB-0016;0,05;0,82;2;0,05;5;36;0,2;0,11;0,01;0,005;66,69;3,1;10;0,68;8,9;1,65;3,3;0,05;0,025;0,005;0,03;0,15;32,9;6;;0,07;110;0,44;0,005;0,25;5,6;165;5,4;8,2;0,05;0,02;0,22;0,8;1;0,5;3,2;0,06;;0,025;4,7;0,005;;0,25;14;0,1;1,97;;10;0,5
259;SMP;IBX949;RB-0018;0,04;1,23;0,5;0,05;5;36;0,3;0,07;0,02;0,02;31,86;4,8;12;1,07;6,8;1,53;5,7;0,05;0,025;0,02;0,04;0,1;14;5;;0,05;188;0,7;0,005;3,77;4,6;170;7,3;7,5;0,05;0,02;0,12;1,2;0,5;1,2;2,5;0,06;;0,025;4,7;0,04;;0,79;19;0,2;4,82;;23;1
260;SMP;IBX950;RB-0023;0,14;0,33;0,5;0,05;5;22;0,05;0,03;0,02;0,04;69,87;1,5;18;0,28;5,7;0,57;1,7;0,05;0,06;0,06;0,02;0,02;41,9;0,5;;0,02;204;0,42;0,005;1,58;3,4;99;5,6;1,7;0,05;0,01;0,07;0,5;0,5;0,7;3,7;0,12;;0,025;11,1;0,14;;0,32;12;0,2;3,6;;9;0,25
261;SMP;IBX951;RB-0024;0,06;0,18;0,5;0,05;5;14;0,05;0,01;0,02;0,005;80,46;0,7;6;0,22;5,6;0,49;1,3;0,05;0,025;0,09;0,01;0,02;50,7;0,5;;0,01;75;0,27;0,005;0,38;2,2;25;2,7;1,5;0,05;0,01;0,06;0,4;0,5;0,5;2,3;0,025;;0,025;11,3;0,03;;0,22;3;0,05;2,51;;3;0,25
262;SMP;IBX952;RB-0025;0,05;1,29;0,5;0,05;5;64;0,5;0,22;0,05;0,03;57,68;15,8;95;1,07;24,5;2,63;5,1;0,05;0,08;0,005;0,03;0,2;31,7;12;;0,37;445;0,4;0,005;1,25;31,7;167;17,5;15,4;0,05;0,005;0,54;3,8;0,5;0,8;4,4;0,025;;0,025;9,6;0,14;;0,45;50;0,1;10,81;;55;1,8
263;SMP;IBX953;RB-0026;0,08;0,84;0,5;0,05;5;26;0,3;0,05;0,02;0,02;37,5;3,8;10;0,96;5,8;0,97;3,9;0,05;0,025;0,005;0,03;0,06;20,1;3;;0,04;124;0,46;0,005;1,35;4,7;147;8,9;5,4;0,05;0,02;0,09;0,8;0,5;0,9;2,1;0,07;;0,025;4,7;0,02;;0,5;13;0,05;3,59;;12;0,25
264;SMP;IBX955;RB-0027;0,03;0,94;0,5;0,05;5;54;0,3;0,16;0,03;0,005;34,28;4,4;18;1,05;9,2;1,33;3,1;0,05;0,09;0,005;0,01;0,22;20,8;8;;0,21;198;0,4;0,005;1,54;8,7;133;4,5;19,5;0,05;0,005;0,07;1,5;0,5;1,1;7,1;0,09;;0,025;7,4;0,09;;0,99;22;0,3;5,6;;22;1,7
265;SMP;IBX956;RB-0034;0,05;1,34;0,5;0,05;5;70;0,6;0,2;0,04;0,04;62,42;8;33;1,41;13,2;2,44;7;0,05;0,25;0,005;0,02;0,2;31,9;10;;0,28;430;1,73;0,01;2,63;14,1;144;38,3;25,2;0,05;0,005;0,13;3,1;0,5;2,5;5,8;0,1;;0,025;12,5;0,11;;1,32;39;0,1;14,75;;46;6
266;SMP;IBX958;RB-0036;0,04;0,9;0,5;0,05;5;88;0,4;0,05;0,06;0,06;121,38;7,4;36;0,56;10,5;1,69;3,8;0,05;0,06;0,1;0,01;0,1;69,5;3;;0,14;444;0,34;0,005;1,65;14,4;252;5,7;7,6;0,05;0,02;0,08;2,2;0,5;0,9;7,9;0,025;;0,025;19;0,19;;1,23;23;0,05;9,16;;34;0,25
267;SMP;IBX959;RB-0038;0,05;0,63;0,5;0,05;5;84;0,4;0,04;0,06;0,04;52,85;10,2;52;0,24;9,3;1,59;2,8;0,05;0,025;0,05;0,05;0,06;32,5;2;;0,13;478;0,29;0,005;1,18;16,2;251;6,7;4;0,05;0,005;0,07;2,8;0,5;0,7;9,7;0,05;;0,025;7,6;0,19;;0,24;33;0,05;4,55;;35;0,25
